P49841	O15085
P04637	Q13435
P53350	P30307
P04637	P33981
P38936	Q13432
P11473	P06400
P11473	Q96ST3
P04150	Q00839
P37840	O75821
Q13573	P10276
P04150	P82094
P04637	Q96PE2
P37231	O60869
P09651	P19105
P35637	Q8N1B3
Q93009	Q13618
Q9UJY5	O60941
P52298	Q9H814
Q93009	P54253
P46527	Q92905
P09651	O60563
Q00987	P78347
Q01844	Q15154
Q49AN0	P41250
O15350	O14965
P40337	Q02363
P24522	Q7Z5J4
O15273	Q8TDC0
Q9UKV8	P06748
P04637	P18124
P49841	P98170
Q01844	O75150
P46531	P06400
P09651	Q14151
Q00987	Q7LG56
Q49AN0	Q99615
P63027	Q7Z6Z7
P04637	Q13526
Q09472	P17735
P14635	Q8N122
P40337	Q96QK1
P60896	Q96EV2
P29353	P20749
Q92731	Q7Z7A1
Q13573	O60566
P04637	P32745
Q93009	P04264
P04818	P61081
Q13573	P62851
P15884	Q96BZ8
P02545	P17252
Q13573	O95785
Q13573	Q8IUH5
P14635	Q96FW1
P02545	P19338
Q09161	Q06210
P53350	Q6PGQ7
Q00987	Q9P1W9
Q9UER7	Q13158
Q09472	Q8IZL8
O15350	Q8IZT6
P04637	O60264
P35637	O95983
P46531	Q9UMS4
Q01844	P49736
Q01844	Q86Y82
Q9UGL1	O00555
Q14449	Q96EP1
P35637	O60506
P04637	Q9UBB9
Q00987	Q9BSJ8
Q9Y6Q9	Q8N0W5
Q01844	Q92585
Q13573	Q16594
P29353	P17931
P04637	O95863
P40337	O95340
P02545	Q96HA1
P80723	Q15029
P35637	Q9P212
P35637	P0C7T5
Q13573	Q96GM5
O15169	Q5VUA4
Q01844	P37837
Q93009	P14868
P02545	O15541
P11473	Q9NPJ6
Q01844	P00558
P61244	Q9NRL2
P04637	Q96JN8
Q93009	Q12931
Q9UBE0	Q02790
Q01844	Q9UH92
Q9H981	Q9C086
P14635	Q86VP6
Q16665	Q9UBN7
P29353	O95425
P04637	O95644
Q00987	P55011
P35637	P67809
P11473	O43593
Q00987	P13645
P49841	Q14103
P25054	Q68CZ1
Q13573	Q13422
P25054	Q8IVL1
P17677	P51178
P54725	Q9H944
P38936	O95865
Q00987	P20226
Q92731	Q9H4L4
Q92731	Q15648
P49841	P49815
P52298	Q9Y5S9
Q14722	Q12959
P15884	Q86WQ0
P61328	Q13422
P53350	Q8IXK0
Q9UGL1	O60902
P49841	P17612
P02545	O60264
Q93009	O15014
Q00987	Q9Y620
Q9Y5B0	P30876
Q93009	P42166
P40337	P62807
P02545	Q9UBB9
P35637	Q14151
P04637	Q9Y2D8
Q09472	P29590
P51608	P35713
Q9UER7	Q9BPZ2
P02545	Q9BQS8
P49841	Q96KB5
P02545	O95863
Q9UKV8	P15880
P38936	O15151
Q01844	Q7L5N1
Q09472	P62805
P54725	Q96IV0
P54725	Q8IWJ2
P38936	P08670
Q9UBE0	Q86TI2
Q49AN0	P07900
Q01844	O15212
P09651	Q96GA3
O15350	Q96J94
P37840	Q9UMS4
P04637	P42677
P40337	Q99700
Q01844	Q9NZJ7
Q09472	Q9UHV2
P37840	P30626
P53041	P68402
Q16665	P06400
P29353	P11274
Q16665	Q96ST3
Q9NQC3	Q96KR6
Q9UKV8	P42766
Q09472	Q9Y618
P53350	Q53EZ4
Q00987	P09874
Q49AN0	P42166
O15273	Q16082
Q09472	Q9HD26
P49841	Q15418
Q9NQC3	Q9Y478
P01100	P43694
P15884	O60341
P35637	Q6NXR4
Q9UER7	O43293
P02545	Q8WW12
P46527	Q12933
P40337	Q99814
P61244	Q99814
Q9UBE0	Q53GS9
Q13573	Q9Y262
Q01844	Q12933
Q09472	P22736
Q16665	P62877
P37840	Q12967
Q9UER7	P17480
Q09161	Q15637
Q00987	Q5TAQ9
Q9HAU5	Q9H8T0
Q13573	Q9UFC0
P38936	Q6EMB2
Q01844	P61956
Q93009	P10276
Q02548	Q92793
P04637	P11388
P40337	P47914
P53350	Q9P0K7
P04637	P47756
P07602	Q8WUM0
Q9HAU5	P48788
Q13573	Q9UJV9
P02545	P35222
P14635	Q12834
P29353	P13645
P49841	Q9Y6K9
Q92731	P49336
Q9Y5B0	P49336
Q9Y6Q9	Q07869
P41236	O95379
Q13573	Q00577
Q92731	Q8TDD1
Q16665	Q9BZF9
P04637	Q05682
Q49AN0	O15027
P48539	Q9NYB0
Q09472	P06401
P35637	O14965
P04637	Q96J02
P09651	P12956
P07602	P61956
P29353	Q9Y696
P40337	P61978
P16949	O14737
Q9UKV8	Q13148
P40337	Q9Y376
Q01844	Q7Z6B0
P09651	Q00839
P09651	Q13618
Q13573	Q15029
Q00987	P61081
Q9UER7	Q8IZU0
P49841	O15294
P04637	Q96BN2
P52298	Q15637
P14635	Q96EB6
Q9NQC3	P22695
Q9UKV8	Q96CT2
Q01844	Q96GG9
Q13573	Q7Z3K3
P04150	Q16204
P04637	P55316
P52298	Q92900
P04150	Q96GM5
P24522	Q8N205
Q9UGL1	O75376
Q93009	Q16204
P04637	Q9Y2S7
Q9H832	Q86Y13
Q93009	Q96JH8
P02545	P11388
P35637	Q9UBW7
P09651	P04264
P49841	Q8TF72
P25963	P56524
Q13573	Q13148
Q93009	Q5U5Q3
Q09161	Q9C0B0
Q92731	Q86UX2
Q9NQC3	O75298
Q13573	Q86WJ1
P07476	P17040
P52298	Q9NX46
P46531	P35249
P53350	Q8TD19
Q92731	Q14686
P09651	P58107
O60356	Q01105
P54725	Q9Y6A5
Q93009	Q7L5N1
Q09472	Q9NYA1
P01100	Q01105
Q8WZ42	Q15843
Q09472	Q92793
Q93009	Q7Z6G3
Q93009	P32314
P04637	O95251
Q13573	P54619
Q9UKV8	Q9HCJ0
Q09161	O75478
P04637	P08670
O00488	Q8IWV7
P15884	Q9UIL1
P25054	Q9H4B6
Q08209	P49321
Q09472	Q12888
P11387	Q13216
P54725	P09874
Q9H832	Q6ZT12
Q93009	Q9NZJ7
Q92731	P82094
Q9HAU5	Q15287
P09651	Q6UN15
P40337	Q9UNE7
P47813	P07307
Q02548	Q02363
P37840	Q15011
P54725	P48556
Q09161	Q99728
P49841	P49768
P40337	Q96AG4
Q93009	P33992
P35637	Q14686
P35869	P51532
Q00987	Q8TD19
Q93009	Q6PID8
Q09472	Q15699
P09651	P07900
Q9UGL1	Q13118
P14635	P30307
O14733	Q13387
P35637	Q00839
Q01844	Q9UHV9
Q9UBE0	Q93052
P46527	O15111
Q09161	Q9Y606
P24522	P47897
Q8WZ42	Q86TC9
P35637	Q13618
P54725	P54105
Q93009	Q12933
P61244	Q9H0E9
Q9Y6Q9	Q13618
Q09472	Q01094
P04637	Q16637
Q9H832	Q8IWV7
Q00987	Q16623
Q99801	O95238
P63027	Q15836
Q13573	P42285
P04150	P61956
P11387	Q92797
O15350	O60566
Q93009	P61956
Q9H981	Q96EZ8
P04637	P18847
P02686	Q9GZU7
P53350	Q12888
P60896	Q15008
P04637	O15304
Q9UKV8	Q07020
O15350	P37837
P29353	Q13153
Q00987	Q9NXE8
P05204	P17252
P04637	O14497
P04637	Q9H8V3
Q9HAU5	P78559
P02545	P51003
Q00987	O14746
P24522	Q8IWV7
P04637	Q96S44
P29353	P06400
P04637	O96017
Q93009	Q9P2G9
P53350	O75379
P04637	P51948
P23025	Q96EB6
Q13541	O60573
P37231	Q02750
P04637	Q15843
P15884	Q9Y2J2
P29353	O14492
P40337	P20290
P09651	Q9BY77
P37840	Q9Y4K3
P11473	Q96SB4
Q00987	P12814
Q00987	Q92793
Q93009	Q9UNF1
P35637	Q14157
Q9HAU5	P04183
P25963	O43318
Q92731	Q7KZ85
P04637	Q15542
P60896	P48556
P78356	Q6P2Q9
Q9UBE0	P61081
Q01844	Q9Y6V0
P37231	P29590
P37231	P51532
Q08209	O00233
Q9NQB0	P35222
P14859	P21127
P52298	Q9GZZ9
P20810	Q9Y570
P04637	Q15139
Q13573	Q9HA38
P11387	Q00839
P61244	Q9NPF5
P01100	P46821
Q93009	P08151
P11387	Q13618
P09651	Q86X55
P53350	Q96EP1
P29353	P63104
Q09472	Q8IZL2
Q16665	Q9Y4K3
P04637	Q9BVP2
P04637	Q14151
P11387	Q9NUW8
P04637	Q9NP81
Q09472	O95644
Q92731	P15924
P60896	O94822
Q00987	Q01094
P04637	P62899
P53350	Q5BJF6
O75496	P51532
Q93009	Q03468
P09651	Q9HCS7
P49841	Q6UXH1
P11473	O15228
P53350	P05814
P29353	Q9BPY3
P07476	P04264
P37840	Q8IZQ1
Q13573	Q9Y3U8
P09651	Q53EL6
Q13573	Q14203
P09651	P49736
P37840	Q9NVR5
Q01844	Q68CL5
Q08209	P42574
Q92731	Q8N9T8
Q00987	Q9UQ35
P40337	P23508
P60896	O95816
P37840	Q9UHR5
Q93009	P46939
P02686	P17612
P46531	P22681
O43464	P98170
Q49AN0	Q93008
P63027	Q9BV40
P46531	Q92973
P09651	P00558
P25963	Q99759
P04637	Q8IXF0
P04637	Q7Z3B3
P02686	Q96KB5
Q13573	Q9C0J8
P24522	P07199
P53350	Q7Z7F7
Q00987	O96028
Q01844	Q9P013
Q09472	O75030
Q08209	Q9NPC6
Q93009	Q96RU2
P02545	Q96RG2
P35612	Q7L190
P60896	Q96ST3
P15884	O43699
P47813	Q9UIC8
P09651	Q6P2Q9
Q92731	P62081
P02545	P08473
P04637	P39023
Q13573	Q15022
P46531	Q9UM47
Q13573	P12081
P53350	Q9NWV8
P27695	Q8N6M0
P49841	Q9Y6E2
P04637	O60341
O76070	O60566
Q9UGL1	P50222
P11387	P26368
P04637	O60841
P49841	Q9P1W9
P04637	Q96PM5
Q08209	Q9Y6J0
P29353	Q13085
P04637	P09884
P09651	Q5U5Q3
P49918	P06400
Q00987	Q5RKV6
Q9UER7	Q08379
Q14061	Q13432
P04637	Q9Y2W1
P35637	Q15154
P35637	Q92905
Q93009	Q13490
P04818	Q9NRR5
Q00987	P14866
Q00987	P16403
Q92731	P49736
O15169	P12755
P49841	Q9H1J1
Q01844	Q02930
Q01844	Q15022
P46531	Q9UPP1
Q9Y6Q9	Q86X55
Q92731	P62851
P40337	Q93052
P01100	P20749
P53350	O60271
P40337	Q15942
Q09472	P10827
Q9Y6Q9	P10276
P25963	P42345
P54725	Q92793
Q9UER7	P46100
P53350	O94762
Q9NVS9	P47224
P27695	P06748
O15169	P49840
P02545	O75530
Q00987	P22626
P35637	P49736
Q16665	P33993
Q49AN0	O00327
Q92731	Q16204
P09651	P33992
P38936	Q04724
Q01844	Q9NPC6
P46527	Q15418
Q00987	O94826
P53041	Q8IV08
P60896	O95817
Q9UKV8	P62424
P04637	Q9H334
Q16665	Q99814
Q13573	O94842
Q9UER7	Q16082
Q09472	P33991
P35637	P00558
P25054	Q9Y2T1
P37231	Q92793
P63027	P54920
P37840	Q07812
P53350	Q9UM11
Q14191	P12956
P38936	Q7KZ85
P02545	Q9Y2W1
Q93009	Q15435
P49841	O60346
P27695	P09429
O00488	O43318
Q9UER7	Q9Y6K1
Q9UKV8	Q07021
Q00987	Q9UJZ1
Q9NVS9	P37837
Q9UKV8	P61254
P01100	Q15788
P04818	Q15843
P38936	Q53ET0
P04637	Q9H9B1
Q09472	Q9Y6B2
P63027	Q15637
Q9UGL1	O95983
P04637	P62750
P37840	Q8NI35
P53041	Q15843
P04637	Q9H0F5
Q08209	P53367
P40337	P22736
P29353	Q12774
Q09472	O14901
P49841	Q969V6
Q9UKV8	P26196
P60896	P46379
P51608	P12755
Q01844	Q9Y2I8
Q9UKV8	Q15633
P04637	Q99615
P14859	P17612
P02545	Q9NW82
Q09472	O15156
P51946	Q9UNI6
P04637	P12956
Q00987	P29401
P49841	Q13163
P09651	Q9UJV9
Q01844	P62424
Q13573	Q14204
Q9HAU5	Q8IYB3
P37231	O75376
O15350	O15111
Q00987	Q13263
Q00987	Q9NY61
P11473	P12931
P09651	Q00577
P49841	P54105
Q9NQC3	Q9BQ24
Q9NX55	Q3SY00
Q01844	Q9NTK5
P11387	P49756
P09651	Q96GG9
Q01844	Q96EV2
Q01844	P61221
P46531	Q9Y6I3
P54725	Q5T4S7
Q9UKV8	Q6DN90
P37840	Q9UNE7
P01100	P53539
Q01844	Q96AQ9
Q9Y3M2	P35222
P25963	P51668
P11387	Q6P2Q9
P11387	P06748
Q09472	O75128
O15350	P25208
P61244	P22415
Q01844	O60869
P02545	Q9P2K1
P63027	O75558
Q13573	Q9UBU9
O15169	Q14134
Q09161	P11441
P61244	Q99583
Q9UKV8	P49915
Q8N488	Q13387
P38936	P00488
P27695	Q15554
P15884	O43559
P35637	Q9NVT9
Q93009	Q15022
P40337	Q13439
Q09472	O75444
Q00987	Q86UE4
P04150	Q01105
P35637	P61956
Q13573	Q96A65
P35637	Q96P66
P20810	P12277
Q16665	Q9UNE7
P54725	Q8IUD2
P09651	Q13148
Q92731	Q9UJV9
Q01844	Q9H1E3
P24522	Q8TDZ2
O14733	Q8IUD2
P14635	Q12888
P38936	P62851
P63027	Q16623
Q9NQC3	Q9UNL2
P38936	O95785
P51946	P49336
Q92731	Q00577
P46531	Q8WXI9
Q00987	Q13823
Q01844	Q93062
P49918	P15172
Q09472	Q6PCB8
P09651	Q15428
Q00987	P07954
Q49AN0	P43243
Q9NQB0	O15105
Q49AN0	Q7Z6Z7
P07476	Q9UBC9
P40337	Q8NBJ5
Q13573	Q6P3W7
Q00987	Q9H869
Q01844	P53992
Q00987	O15151
Q08209	Q9H992
P35637	Q9UJV9
P01100	P51668
P04818	O43865
P25054	Q99814
P11387	P33992
P04637	P07900
P37231	Q9H6Z4
Q92731	Q15029
O60356	Q9H221
P09651	O15111
Q13569	P43699
P25963	A0JLT2
P51608	P09429
O15169	O14976
Q93009	P46109
P63027	P46379
P35637	Q96GG9
P37840	P12931
Q08209	P23634
P54725	O43242
P14859	Q15562
P25054	O15234
Q13573	Q9NYF8
Q01844	Q9Y2W2
Q9UER7	Q96AQ6
P40337	P19338
P17677	Q8N5S1
Q9Y5B0	Q9UN36
P53350	P20618
Q00987	Q8NFV4
O43464	P49768
P61244	P02794
Q92731	Q13148
O15169	Q93008
Q09472	O60563
P11387	P61956
P53350	Q13127
Q00987	Q9NS23
Q93009	Q9Y6K9
P29353	O15357
P54725	Q14997
P46531	Q96S59
Q01844	P02751
Q8WZ42	P49736
Q969F2	P63104
P37840	Q9BRK5
P29353	Q9H840
Q01844	Q6UUV7
Q93009	O94966
P37840	Q16854
Q16665	Q9H4L4
Q01844	Q14789
P04637	Q9UKT5
Q01844	O15162
P11387	P46087
Q16665	P12931
P01100	Q5VV63
P24522	P42345
Q13573	Q6PGP7
P35637	Q13148
P00736	P35558
Q00987	O60506
Q13573	Q15788
Q09161	Q12982
P61244	P04198
P04818	P13797
Q01844	Q96RN5
P40337	Q13526
P29353	P22681
P40337	Q05513
P04150	P16220
P40337	O75347
Q09161	Q8TAD8
P04637	P12755
P02545	Q96GX5
Q93009	P61221
Q9Y6Q9	Q969H0
O75496	P78364
P11473	Q14686
Q9UER7	Q9NPF5
O15169	Q9BVJ6
P11473	Q9Y618
P25963	P62877
P09651	O95793
Q9UKV8	P78318
P04637	O75150
Q00987	P20309
Q9NQC3	O43791
P02545	P42166
P15884	Q99081
P46527	Q5XPI4
Q93009	Q14204
P46531	O43143
P61244	O60264
Q49AN0	Q86VP6
P37840	Q92766
Q92731	Q9UQ26
P46527	Q9UKX7
P04818	O75351
Q92731	Q6ZT12
P53350	Q96M86
P38936	P15880
Q09472	O60341
Q9H981	Q5QP82
Q9Y6Q9	O15111
O14733	Q8TD17
P11387	P16455
P60896	Q9Y244
P46531	Q92974
P02545	P98175
P02545	Q9GZU8
P49841	Q9UKY1
P11387	Q15029
P40337	P15170
P60896	Q14997
Q00987	O60220
P60896	Q99700
P37840	O43768
Q09472	Q06546
Q09472	Q07869
P01100	P06400
O60356	Q99547
P04818	Q9Y3B8
P24522	P06748
P04150	Q96C00
Q49AN0	P50991
P41236	Q96CN7
P60896	Q9NVH2
P35637	Q6NXE6
Q9NQB0	Q08050
Q09472	Q13216
P53041	Q9UG63
O15350	O95995
P11387	Q13148
Q00987	Q9H4L4
P09651	P29558
Q9UKV8	Q8IUF1
Q00987	Q15648
Q09472	O60885
P46531	Q15750
P25054	Q5T0W9
P04637	P62913
P35869	O75444
P09651	O00233
P02686	Q9UKI8
P49841	Q01094
Q00987	Q8NHY2
P15884	Q7RTS1
Q09472	Q8WXX7
Q01844	P51116
P04637	P06748
P53350	Q86VQ0
P15884	Q01804
Q01844	P78318
Q13573	P35606
P38936	Q7Z699
P09651	Q9C0J8
P04637	Q15596
P38936	Q7L5D6
P11473	O15164
Q00987	P05023
P49918	P33993
P38936	P16455
P11473	Q8N2M8
P25963	O95999
Q09472	P54274
P53041	O43318
Q93009	P49915
P14635	Q9UM11
Q13573	Q9NTJ3
Q01844	Q9UEE9
P38936	Q15029
P04637	Q05823
P40337	P42677
P41236	Q8IWU2
Q93009	Q9HCG8
Q49AN0	Q13363
P25963	Q99728
P24522	P51668
P05204	P05114
P53350	O14965
P35637	Q07020
Q9NZ94	P50222
P04637	Q7L5N1
P04637	P09429
Q13573	P38919
P15884	P50151
P14635	P06454
P15884	P36551
P01100	O75688
Q9Y5B0	O60244
P04637	P78406
Q92731	Q9Y3U8
P04637	Q01484
Q9HAU5	P26651
P54725	P20618
Q00987	P08195
Q93009	Q14789
P54725	Q13200
Q09472	Q8IXJ6
Q9Y5B0	O43513
Q9UER7	P29590
Q01844	Q9Y5S9
Q02548	P10242
P04637	Q9NR09
P09651	Q15418
P53350	Q8IZT6
Q13573	O75821
Q9UER7	P62805
Q93009	O15479
Q13541	O43633
Q00987	P62917
Q00987	O14965
P35869	O60563
Q16143	Q9NVR5
P49841	P16403
Q00987	Q13216
Q9UBB5	P20226
P27695	P39687
P04637	P20248
P60896	P11441
P37840	Q14289
Q9UKV8	P54105
Q09472	P12956
P37231	P33076
Q9UGL1	O43172
P04637	P17987
P04150	O95425
P40337	P11388
O76070	P31645
Q93009	Q9H992
P09651	P16104
P11473	Q15466
P40337	P47756
P61244	Q9H3U1
P49841	Q9UJW3
P40337	Q9GZT9
Q01101	Q9BX66
Q9NQI0	Q96BD6
Q8N488	Q8TE76
O76070	Q16851
P49841	P36956
Q09472	Q00839
P25054	P49790
P04150	Q15788
Q13573	Q15459
P54725	Q9H773
P04637	Q9UPW0
Q9UKV8	P22087
P02545	Q7L014
P54725	Q8TBC4
P27695	Q96CT7
Q9UER7	Q9Y3E7
Q92731	Q9BQG0
P25054	Q9Y5Y6
P49841	Q9H095
Q93009	Q9UK80
Q16665	P22736
Q14191	Q9UBT6
Q08209	P61758
Q9UER7	Q13114
Q13573	O15042
Q92731	Q9P2F8
P29353	P12931
P38936	Q96CV9
Q01844	P09874
P27695	Q9BQA1
P09651	Q8WWY3
P09651	Q96M27
Q9UBB5	Q9Y6A5
P02545	Q9ULW0
P14635	P27816
Q92731	Q9UI38
O15169	P49815
P04637	Q9NVI7
P35637	Q15022
Q9Y6Q9	P55055
P49841	O75030
P02545	Q9UH99
P40337	Q14241
P60896	Q9UNE7
O15169	P39687
P27695	O95340
Q93009	Q9BUZ4
P04637	Q9UNF1
P38936	P47897
P60896	Q13200
Q49AN0	Q15233
P15884	A2RRL7
Q13573	P54132
Q8WZ42	P20929
Q93009	Q9HAW4
Q09472	Q8N3Y1
P04637	Q9NRC8
P27695	Q96FW1
P04150	Q96IT1
P29353	Q3ZCQ8
Q13573	Q9UKK3
P53041	P28223
Q13573	Q16514
Q00987	O75179
P49841	Q9H0C8
Q93009	Q96Q83
P24522	Q9UHY1
Q09161	P55884
Q92731	Q96PV0
P46531	Q13526
P09651	P61254
P09651	Q68CP9
P01100	P0DPB3
O60356	P15172
Q9H981	Q6PI98
Q13573	P06400
P37231	Q15648
Q13573	Q96ST3
P04818	Q8NA72
P04150	P0DPB6
P25054	P56715
Q01844	Q9NRA8
P15884	Q9UHB4
P38936	Q07020
P46527	P22314
Q13573	Q9H9A6
Q13573	Q92900
P04818	P30566
Q00987	O14737
P49841	Q9HCC0
P25054	Q7KZI7
P04637	O14974
Q16665	Q9UHD8
Q01844	Q13601
P04637	Q03468
Q00987	Q9NZM5
Q00987	Q00839
Q16665	O94992
Q01844	P61758
P09651	P26196
P25054	Q8NF91
Q9UGL1	Q8NFD5
Q8WZ42	Q96CV9
P35637	Q14807
P46531	O60264
P15884	Q9Y5U2
P51608	O75182
P04150	Q9H5J0
Q92731	P42356
Q13573	Q13492
Q01844	Q15637
Q16665	Q99614
P46531	O95863
Q13573	Q9UMS4
P09651	Q9UBU9
P25963	Q96FW1
P04637	P34925
P02545	Q9NRC8
Q01844	Q96FF9
Q93009	Q14669
P09651	P52272
P40337	Q96KM6
Q09472	Q53ET0
Q00987	P04264
Q9HAU5	Q9UG63
Q13573	Q13561
P14635	Q7Z7A1
P11387	P42574
P46531	Q8IZL2
P04637	Q9BVJ6
Q93009	P20226
Q93009	Q99569
P04637	Q96RU2
Q9UBB5	Q96ST3
P02545	Q96A57
P14859	P09874
P02686	Q8TD19
Q00987	Q13838
Q9UBB5	Q96FF9
P46527	P62877
Q00987	P55884
P60896	P30876
P38936	Q7L590
Q9UJY5	Q9UJY4
P46531	Q9Y4X5
Q09161	Q99614
O15273	O15304
P25054	O75179
Q13569	P12757
P04637	Q15573
Q09472	P35558
Q8WZ42	Q13620
P53041	P10636
Q13573	Q9NPJ6
Q00987	Q01831
P02545	P49711
P02545	Q92917
Q9UKV8	O14746
P40337	O96017
P04637	O15111
P01100	P15408
P37840	Q13526
P09651	P61247
P15884	O00512
Q93009	Q96EI5
P40337	Q15843
Q49AN0	P62195
P15884	O95153
P60896	P62195
P11473	Q13772
P49841	P27816
P38936	P55055
Q9UER7	P02794
O00488	Q9P1U0
P35637	Q14204
P04637	P49848
P04637	Q8WTS6
P01100	Q9P127
Q09472	P31260
P40337	Q9UNM6
P38936	Q01105
P53350	Q9UI14
Q9UKV8	Q86XN8
Q13541	O95835
P09651	P02751
P29353	Q9Y4H2
Q9NQB0	Q9UBE8
Q92731	Q9NPG3
Q09472	Q86X55
Q8N488	Q6VMQ6
P38936	P42574
Q09161	P19338
Q00987	Q02878
P46531	P35222
Q92731	Q5VV67
P38936	Q13136
Q01844	Q15910
Q13573	O75478
P11387	Q13123
P49841	O94811
Q01844	O95817
P04150	Q15459
Q09472	P10276
P04150	P62879
P02686	Q16512
Q00987	Q15361
P27695	P61978
P27695	Q14566
P53350	Q8N137
P04150	Q9UBN7
Q01844	Q9UHX1
Q09161	Q92905
Q93009	Q9UBN7
P15884	P49768
P15884	Q13363
P23025	Q9NS23
P04637	Q6PCD5
Q14061	O75347
P02545	P63104
Q09472	P18146
Q09472	P49736
Q8WZ42	Q92630
Q13573	P48444
Q13541	P17252
Q09472	P27540
Q09472	Q92585
P04637	Q9Y520
P09651	Q9GZQ8
P15884	P17542
P04637	Q92831
Q00987	P15924
Q9Y6Q9	O43791
P04818	P61956
P53350	Q15154
P53350	Q92905
Q9UER7	Q9UPN3
P04637	Q13620
P49841	Q9UHI6
Q9UER7	Q7Z5J4
P49841	Q9NS23
P04637	O75569
Q13573	Q9GZZ9
Q93009	P48431
P25054	P63010
P49841	Q01201
P29353	Q14289
Q01844	Q99728
P27695	O95376
P05204	P25098
P37840	Q9BXP5
Q9UKV8	P62854
P04637	O00541
O15350	Q96LA8
P11387	P55212
Q09472	P06748
Q9UGL1	P61956
P49841	P33076
P40337	Q9NWT6
Q01844	P46379
Q13698	P63104
Q92731	Q9NYF8
Q09472	Q96GM5
P01100	Q96SB4
Q14191	Q06609
Q01844	Q14005
Q09472	Q15596
P27695	Q96EB6
P04637	Q8WUF5
P51608	Q15562
Q09472	Q10571
P37231	Q14686
Q9UBB5	Q92793
P09651	Q53RT3
Q09472	Q9H9S0
P46531	Q96J02
Q00987	Q92905
P53350	P49736
Q92731	P62277
Q93009	P06400
Q13573	Q9BVQ7
P53350	O60566
O75496	Q9H9B1
P49354	Q9UBN7
P35637	Q8IX18
Q00987	P62081
P01100	O43709
Q13573	Q01780
P35637	P02751
P14635	Q9H2G4
Q13573	P15172
P29353	P63010
P04637	Q6ZU80
P11387	Q15633
P35637	Q99759
P14859	P06401
Q00987	P10276
Q00987	Q02818
Q93009	P10071
Q08209	Q8TDC0
Q09472	Q7L5N1
P63027	Q16854
P46531	P78537
Q9HAU5	Q9ULV3
P04637	O75182
P35869	P07900
Q8WZ42	Q15418
P49841	P67809
Q99801	P11831
P27695	P05423
P27695	Q5SYC1
P11387	P52272
P29353	O00750
P02545	Q86XP3
P54725	Q01831
Q00987	P18146
Q92731	Q15788
Q00987	P49736
Q13569	P06401
P35637	O15479
Q92731	Q8IWJ2
Q00987	O94875
Q9NQC3	Q9C0B0
P04637	Q8N114
Q93009	Q99501
P04637	Q06609
P53350	Q5VYS8
Q9UER7	Q9Y2D8
Q00987	O60566
Q01844	Q15011
Q9HAU5	O75031
Q00987	P62851
P02545	Q9Y570
P51608	O00358
Q16665	P35222
Q09161	Q9BXP5
Q09472	P33992
Q00987	P37837
P04637	Q99608
Q00987	Q92619
Q00987	P00558
Q8WZ42	Q96EZ8
Q09472	P20248
P02686	Q9Y4K3
P04637	Q7Z6Z7
P04637	Q9NVN8
P40337	Q96GA3
P04637	Q96KB5
Q09472	Q12933
Q13573	Q8IWX8
Q9UJY5	Q7Z3U7
Q14191	P16104
Q9Y6Q9	Q15788
Q13573	P35249
O14733	P07900
P25054	Q96HA1
P09651	P13645
Q92731	O75396
Q09472	P61956
P04637	Q96GM8
Q08209	Q08499
Q93009	Q15910
P46531	Q96JK9
Q9HAU5	Q9H074
P20810	P50851
P29353	P17252
P40337	P99999
P09651	Q9Y696
Q8N488	Q9HAH7
Q9UER7	Q9UM11
P63027	Q8TAD4
P09651	Q9Y5S9
P04637	O43257
O15350	P48431
P40337	Q9HAV7
P04637	Q9BQA1
P53350	Q9NR09
Q01844	Q8IWX8
P35637	P40926
Q16665	Q9GZT9
Q93009	Q8IY57
Q13569	Q92793
P04150	O75478
P53041	O14654
Q09472	O95359
P25963	O43583
Q9UER7	P11388
O43464	P05814
Q13573	Q9NRL2
Q9NX55	O00193
P20810	Q9H4G0
Q00987	O15212
Q00987	P22695
P40337	P62750
P04637	P16104
Q92731	P35606
P49841	Q9H254
P23025	O14965
P04637	Q96FW1
O15350	P06400
Q13541	Q6R327
Q00987	Q96RL1
P15884	Q494U1
P37840	Q9NZZ3
P54725	P29372
Q9UGL1	Q6P1X5
P35869	P27540
P04150	P21579
P25054	Q8IVL0
O60356	Q15233
P49841	P62917
Q09472	P16455
P49841	O14965
Q9Y5B0	P09429
P15884	Q9UJX0
Q8N488	O75530
P01100	Q96AG4
P27695	P23508
Q9NQI0	Q86VP6
O15273	P54253
O15350	P62877
Q09472	Q9UJU2
Q93009	Q9ULU4
O75496	Q8IYE0
Q13573	Q9BRS2
P40337	Q8TBZ2
P25963	P12931
Q00987	P61956
Q13573	Q9UHB9
Q13573	Q68E01
P04637	P62424
Q00987	Q9NQU5
Q00987	P15880
Q13573	P46100
Q09472	Q13516
P37231	Q92905
Q9UBE0	P30566
Q01844	Q9UHR5
P35869	Q15596
P04637	Q9NTK5
P04150	P14653
P02545	P16104
Q9Y6Q9	P20226
P63027	Q9NUW8
Q13573	Q9UQ13
P40337	Q9Y496
Q9Y5B0	Q8N201
P35637	Q9NX01
Q93009	A1A519
P54725	Q13233
Q92731	Q9HCM4
Q9UKV8	Q86UE4
P35637	Q9Y620
Q01844	Q04760
Q93009	Q15011
P15884	Q15560
P11473	O60244
Q9UJY5	O95817
P04637	P55209
Q13573	P33993
P53350	Q7L5D6
P04637	P49902
Q93009	Q53GL0
P61328	Q96SB4
P04637	P50991
O15350	Q9H211
P11387	Q13751
Q8WZ42	P01857
P25963	Q3ZCQ8
P09651	O95816
Q9UER7	O95251
P04637	Q5T447
Q93009	Q96EP1
P46531	P62899
P25054	P42677
P25054	P35222
P02545	O60684
Q01844	Q96SB4
P37840	P42285
Q92731	Q15459
P11473	O43513
P15884	P09874
P27695	Q9NPQ8
O76070	Q9NYB0
Q09472	O15111
P15884	O60336
P46527	P33993
P37231	Q5VT06
Q8WZ42	P02751
P51946	Q13136
Q13573	Q05519
P46531	Q9NWT6
P04637	Q99536
Q00987	Q9BSH4
P20810	Q92743
O15169	P12757
Q13573	Q8NBB4
Q01844	Q99814
P11473	P55055
P04637	P52272
Q9NX55	Q5TDH0
Q92731	Q9BYR8
P53350	Q86WJ1
P53350	Q9NS56
Q9Y5B0	O94822
P40337	P07900
Q9UER7	Q01201
P61244	P07900
P43351	P63104
P35637	Q15459
P04637	Q13363
O75496	P27540
P11473	Q9Y2W1
Q13573	P61978
Q01844	O15234
P09651	Q9UMS4
Q01844	Q05519
Q13573	P55081
O43464	Q13263
P46531	O60341
P35637	Q9NRR4
P09651	Q9HCD5
P63027	Q9UHD8
Q16665	Q6AHZ1
Q8WZ42	Q9GZQ8
Q01844	Q9UIQ6
Q01844	P47914
P25054	Q7Z3B4
Q93009	Q9Y4K3
P29353	O00165
Q13573	Q9UM47
Q01844	Q53HL2
P35869	P61956
Q16665	Q15843
P01100	P62195
P54725	O00487
P15884	P29590
P60896	O14562
Q14191	Q96EB6
Q93009	Q9NWV8
P40337	Q9P258
Q00987	P61927
Q00987	P18754
P54725	Q96RL1
Q92731	Q9HBH9
Q00987	Q9NR30
Q00987	Q5XUX0
P38936	Q16236
Q13573	P11441
Q01844	P55081
Q92731	Q96ST3
P14635	Q15154
Q9Y3M2	A1XBS5
O15169	Q5JTC6
P63027	Q9UI14
P01100	Q9ULX9
Q13573	Q9UJA5
P23025	Q01831
P01100	Q5M9N0
P54725	Q12933
P35637	P22314
Q01844	Q9H869
Q9UJY5	P11717
P51608	Q9UKL0
P02545	P60369
Q9HAU5	Q13868
P15884	Q9HD26
P11473	P98177
P11387	P09874
P46531	A6NHR9
Q9UBE0	P61956
P09651	Q9UHX1
P49841	P35030
P04637	O75970
P35637	Q15637
Q09472	Q8WUF5
P29353	Q05682
O15273	Q6DKK2
P04637	Q96EB6
Q92731	Q13561
Q93009	Q9BWX1
Q99801	Q9NZU5
P15884	Q92888
P05204	Q92831
O00488	P38606
P49841	Q04724
P25963	Q9Y618
Q9UKV8	P67809
Q92731	O75683
P02545	Q9NQW6
P04637	Q9GZQ8
P25963	Q99558
P40337	Q96IF1
P24522	Q6UXH1
Q01844	Q96GY3
Q16665	O60244
Q13573	Q13200
P46531	O43719
P52298	Q96BZ8
Q13573	Q15233
P35637	Q13492
P04637	Q9Y5Q9
Q9UGL1	P56524
P37840	O60716
Q16665	Q9NWT6
Q9Y6Q9	P62877
P46531	Q9H8S9
P20810	O75145
O43464	P08670
Q92731	Q9NPJ6
Q9Y5B0	Q9NPJ6
P40337	O15457
O75496	P20248
P14635	Q16204
P11387	P22087
P02545	P12821
P15884	O75558
Q13573	Q9H0E9
P07602	O14776
P15884	Q9Y6H1
Q92731	O43593
Q01844	Q8N6R1
Q9Y3M2	P63104
P35637	P63104
Q01844	Q96AG4
Q49AN0	O43242
P01100	P29590
Q9HAU5	Q96Q15
P02686	O60563
P04637	P19447
P35637	P84996
P35637	Q9BZF9
P09651	Q5T750
P40337	P62913
P46531	P12956
P38936	P62879
Q9UBB5	O95983
P04637	P78347
Q13573	Q53GS9
Q9UGL1	Q9NSY1
P14859	P40424
Q13573	Q8WUZ0
Q00987	Q07020
P53350	Q6ZU80
P38936	Q9UBN7
Q00987	Q8WZ73
P35612	Q9Y2J0
Q13573	Q07864
P35637	Q15910
Q09472	Q01105
P04637	Q7LG56
Q01844	Q9H0E9
P04637	Q9H444
P38936	Q9UHC7
P25054	Q99418
Q09161	O75530
P40337	O43597
P40337	Q9NPB6
P53350	Q14203
P35637	Q14687
P51608	P62805
P43351	Q06609
P01100	Q9Y618
Q00987	Q9Y6X8
Q01844	Q8NEH6
Q13573	Q8TAD8
P15884	Q13562
P04637	Q9NS37
P51946	Q13888
P01100	Q9Y3E7
P02545	Q15233
P16949	P06753
O15169	Q9UHX1
Q09472	Q05066
P20810	Q8WZA0
P37840	P63167
Q01844	O60682
P53350	Q9BZF3
Q13573	O60610
Q92886	Q92793
Q9NQI0	P12931
Q9H832	Q13702
P49841	Q15154
P49841	Q92905
Q13573	P12931
P35869	P49848
P46531	Q9Y496
P05204	P17612
P09651	Q9HCH5
P41236	P62807
Q14191	Q9Y620
P80723	O75787
Q16665	P56524
Q13573	Q9NPF5
Q92731	Q96Q27
Q01844	Q9UKJ3
P04150	Q9NQW6
Q13573	Q96QD9
Q92731	Q9Y6X6
P35637	Q13085
Q92731	Q02218
P46527	Q8NHY2
Q00987	Q14676
P46527	P12931
Q13573	P49790
P38936	P06400
P53041	P08235
O00488	Q13387
Q13573	P62195
Q09161	Q96J01
P38936	O43293
P38936	Q9UHY1
P15884	P50553
P04637	P20226
P40337	P17987
Q13573	Q8WXI9
P49841	P62851
P11387	Q9H211
P29353	Q15843
Q9NX55	P40222
Q14191	P09874
Q00987	Q04637
P04637	Q16611
P04150	Q02790
Q49AN0	P27816
P09651	P14866
Q92731	Q01780
P29353	O00193
Q00987	O60716
Q92731	P15172
P49841	Q13233
P49841	Q96GR2
Q92731	P62854
Q09161	Q86V81
P04637	O15126
P02545	Q8ND82
Q00987	Q01105
P04637	P61201
Q01844	O95486
Q01844	O75937
P25963	P17252
O15169	Q99961
P53041	Q9NRI5
P16949	P15408
Q00987	P42574
P27695	Q9UPR6
Q13573	Q15560
Q9H832	Q96S59
P60896	Q9NRR5
P02686	P49336
Q9NQB0	P49768
P49841	Q16204
Q92731	Q9H4A6
Q9UKV8	Q8NF91
P11473	Q9Y5X4
P04637	Q96EI5
P29353	Q8WZ73
P37231	Q96CV9
Q16633	Q8IUQ4
O43464	Q9BXM7
P04637	Q7Z7E8
P09651	P22626
P40337	Q8WVV9
P17677	P32246
Q09472	Q01196
P04150	Q9UNE7
P29353	P08473
P46531	Q5VTD9
P25963	Q96HA1
P40337	P42766
P61244	P42766
P16949	Q96FW1
P11387	Q99728
P09651	Q8TAE8
Q9UKV8	Q96LI5
P04637	P09874
P14635	P16455
Q92731	P62910
Q01844	Q8N5M1
Q92731	P12036
P37231	Q12756
Q09161	P41250
Q13573	Q16513
Q9NQI0	Q96S59
P46531	P98175
P01100	P78332
P09651	P06396
Q49AN0	Q9UHI6
Q92731	P35249
Q16665	Q15020
P11473	Q15788
Q13573	O60508
Q93009	Q8NFZ5
P01100	Q96JP5
P53041	Q9UNW1
Q13573	Q9UKN8
Q9UER7	Q13618
Q9UBB5	Q9NP66
Q00987	Q86V81
P07602	Q9ULX9
P02545	O75694
P25963	Q13526
Q00987	Q6IAA8
Q9UKV8	O43143
Q93009	Q8NCN4
P04637	Q9NRR4
P49841	Q03701
P63027	Q8N4C7
Q9Y5B0	Q9BQA1
Q01844	Q8WYA6
Q09472	O94761
P04637	Q53EZ4
P49841	Q00013
Q9UER7	Q9UBU7
P02545	O75531
Q99801	Q8WTP8
P09651	O60568
P24522	P62805
Q9NQC3	P12931
Q13569	Q8TAD8
P35637	Q15758
Q08209	Q13114
P01100	P19338
P25963	O14562
P46531	O75150
Q00987	P62266
Q9Y6Q9	Q6PL18
P60896	Q9H7B2
P15884	O43929
Q13573	Q9H1I8
P09651	Q04760
P04637	Q02952
Q13573	Q14966
O15169	Q9UBF9
P35869	P10589
P60896	Q15843
Q92731	Q9NRL2
P02545	P18615
P49841	Q12933
Q01844	Q13111
P02545	P09874
Q00987	Q9Y5M8
Q13573	O43143
P54725	Q8NCP5
Q9HAU5	Q8WWY3
O15350	Q86UW6
P09651	Q96SB4
Q93009	P10070
P38936	P46379
P02686	P54253
P60896	Q8IWV7
Q92731	P06396
Q13573	Q9Y618
Q9NX55	Q96PU8
Q93009	P49750
P49841	P15880
Q13573	Q92974
Q08209	Q9NP98
Q92731	Q8IX12
P25963	P49454
Q09161	Q5VV67
Q8WZ42	Q8TD19
P46531	O94906
P46531	Q92585
P35637	Q9P127
P04150	P12931
Q8N488	Q13158
Q9NQC3	O15126
P04637	P61081
P61244	Q969H0
P04637	Q96ST3
Q93009	Q99836
Q01844	Q6P4R8
Q16665	P07900
Q00987	Q6PHW0
Q00987	P61254
P29353	Q96DB5
P43351	P12277
P38936	Q13724
Q9UKV8	Q12905
Q8WZ42	Q9UHX1
P51608	O75376
Q92731	Q86VP6
Q01844	Q14686
P40337	Q9UHV9
P07476	Q96L08
Q9H2S9	O75182
P04637	Q96L91
Q09472	P02751
Q01844	Q9NPD8
Q00987	P05783
P46531	Q6P2Q9
P53041	Q9Y6E2
P04637	P09496
P02545	P29590
O00488	Q9ULU8
Q01844	Q13114
P51608	O96028
Q09472	O15162
Q14449	O43293
P11387	P14866
P11387	P16403
Q13573	Q8TDN6
P09651	Q96MU7
O43464	O75351
P23025	Q03468
P35637	Q9UHR5
Q9UER7	Q5M775
P37840	Q9UQF2
Q92731	Q8TF72
P04637	Q9P0U4
P01100	Q9Y5T5
Q8WZ42	P12814
P02686	Q9NVD7
Q9Y5B0	Q9NVH2
Q13573	Q99848
Q9UKV8	Q02878
P04637	Q8TD20
P14635	Q9NX18
P04150	Q9ULX9
Q49AN0	P05023
Q01844	Q14289
P46531	Q13464
P04637	Q6NZ67
P01100	O95644
P02545	P61081
P49841	Q15029
O15350	Q9H0E9
Q16665	Q15788
P11387	P22626
Q01844	O60238
P35637	Q96SB4
Q14191	P49005
Q13573	Q96ER3
Q09472	Q9UBS0
P23025	Q969H0
Q14191	Q92793
P25963	Q9UDV6
P40337	Q8IUC4
O15350	P54278
Q92731	O15234
Q13573	Q7Z5K2
P40337	Q92831
Q92731	P47914
Q00987	Q13185
Q9UER7	P23760
O15169	Q9NTX7
P25054	Q8N3V7
Q13573	P13805
Q01844	P22415
P01100	Q5JTH9
P61244	P49207
O15169	Q12959
Q9Y5B0	Q9NQG5
P15884	P15923
P04150	Q96S59
P54725	Q92995
P07476	Q96IK5
P15884	Q9UIQ6
P14635	Q6ZU80
P02545	Q9Y6X4
Q09161	P42345
P47813	Q9BSW2
Q9NVS9	P0DPD6
P14635	Q14203
P14859	P12956
P24522	Q9UKY1
P37840	P10636
Q09472	Q13227
Q9UJY5	Q8TAB5
Q9NQC3	Q16799
Q9UER7	Q53EL6
Q9UKV8	Q13435
Q09161	Q9H814
Q9UKV8	Q92905
P14635	Q14676
P04637	Q92793
Q09472	P78318
Q01844	Q96M83
O75496	Q5VZL5
Q9NQC3	Q9NZ81
P47813	P62899
P37840	Q9UII4
Q9UBE0	P61221
Q01844	Q9HB71
Q13573	Q15466
P09651	O60506
O76070	Q9UK76
P04150	P29590
P04637	Q12888
P20810	Q9BT78
P09651	Q9Y399
P04150	P51532
P05204	P48039
P04637	Q9UKY1
P35637	P61978
P04637	Q96G74
P23025	Q6AHZ1
Q08209	Q05513
P40337	Q9Y2N7
Q9NQC3	P22736
Q13573	P19338
Q13541	P42345
P53350	Q92547
Q92731	O75122
P40337	P35268
Q13573	Q9H4L7
P04150	Q99757
Q16665	Q15596
P40337	Q14103
P14635	Q01105
P53350	Q9HAW4
Q13573	Q13435
Q13573	P33981
P04150	Q9Y618
Q01844	P17252
Q9HAU5	Q9GZQ8
P49841	P47897
Q9HAU5	Q8N5A5
P35637	P11441
P04637	Q01094
Q9Y5B0	Q96RN5
Q9Y6Q9	Q99743
Q99967	Q92793
Q9NVS9	P07954
P02545	Q70J99
Q13573	Q7Z5R6
P04637	Q14684
Q09472	P20226
Q93009	Q13114
Q93009	P82094
P47813	O60841
P04637	O75376
P53350	P47736
Q9UER7	P48023
Q14061	Q7L5N1
Q13569	Q13838
P11387	Q05519
P04150	P22736
Q01844	Q92905
Q00987	P40926
P35637	A6NIV6
Q92731	Q13200
Q13573	O15372
P11473	P21127
Q16665	P51668
Q9UBE0	Q9NQG5
Q92731	Q9Y399
Q13573	Q9BUQ8
Q09472	P61201
Q92731	Q96AG4
Q00987	O75396
Q01844	O15541
Q49AN0	P12956
P29353	P07900
Q93009	Q15287
P38936	O60343
P25963	Q69YQ0
P09651	P49750
Q13569	Q01831
Q00987	P07919
Q01844	P54259
P27695	Q9UBP6
Q9NQB0	P29590
O15273	Q9NPC6
P46527	Q13526
Q13573	O60264
P37231	Q96C00
P27695	P67809
P14635	Q14807
P04637	Q99966
Q13573	Q9UBB9
Q92731	Q9H0E9
P38936	P33993
Q49AN0	P54253
Q09161	P38919
P25963	Q01201
Q9UGL1	P06400
Q01844	Q9Y478
Q02548	P06400
Q13573	Q9UBF2
Q01844	O95400
Q01844	P62851
Q49AN0	P09543
Q93009	Q01831
P04637	Q5T4S7
Q09472	P09874
Q9H2S9	Q13363
Q01844	O95785
P46531	Q969H0
Q01844	Q4VCS5
Q01844	P48382
Q13573	Q96N46
P15884	Q9UBY9
Q01844	O14562
P04150	O15164
P04637	P14866
P40337	Q96FW1
Q00987	Q9UBE8
O14733	Q99759
Q9UER7	P61956
P49841	Q14203
P02545	Q9UQ35
Q01844	O95218
Q49AN0	Q5JR59
P15884	O60682
Q01844	Q96HA7
P25963	Q15843
Q14722	Q96SB4
P37840	Q93008
Q9HAU5	Q9H1J1
P02545	Q9UHQ1
Q09472	Q02750
P46531	Q99081
P04637	P36956
O15350	Q12980
Q13573	Q9NVI1
Q9UJY5	O43143
P02545	O96028
P29353	O15027
P53041	P06401
P38936	P61978
O75496	Q14566
Q49AN0	P14868
P38936	O95257
Q92731	P12931
P04637	P22626
P46527	Q9Y4X5
Q13573	Q8NB90
Q9UJY5	Q9UMZ2
P25963	Q96EP0
P25963	Q9H0F6
Q14722	Q13303
Q00987	P51668
P09651	O14965
Q00987	P49757
P04818	Q9C0B0
P40337	P62424
Q8N488	Q16254
P49841	O60716
P01100	O75444
Q92731	Q9BXU1
O75496	Q12834
P02545	Q13442
Q01844	Q9BXP5
P46527	P63208
Q09472	Q9H4B6
P38936	Q15532
P04637	Q969P6
P11387	Q96JC9
Q9NQC3	O60749
P02545	Q9H910
P04637	P62241
Q09472	Q13627
P35637	Q8IYS1
P01100	P18847
P37840	Q8IUQ4
P14859	P10276
Q92731	P62195
Q09161	Q9NRC8
P01100	Q8NCF5
P37231	O95425
Q13573	Q15003
P01100	O96017
Q93009	Q15170
Q09472	P06400
P46531	Q92831
P54725	Q9H814
P09651	Q7KZI7
P40337	P50991
P04150	P19338
P25054	O95243
P04637	P35251
P04637	O60568
Q93009	P19338
P04150	P02794
P46531	P98170
P37231	Q15788
P25963	Q96FV2
Q13569	P10276
Q00987	O43399
Q93009	Q9H4L7
P04637	O60936
P02545	Q5VV42
Q93009	O60437
P04637	Q9UM11
Q00987	P62879
P25963	Q9NWT6
P02545	P22626
Q01844	O00165
P01100	Q8IWV7
Q93009	Q92905
P29353	P06748
Q9Y6Q9	P62195
P35637	Q3ZCQ8
Q09472	Q9GZM7
Q09472	Q3SY56
Q09161	Q92900
P09651	Q4G0J3
Q9HAU5	P84101
Q92731	Q13887
Q13573	Q9H3U1
Q09472	O00401
P25054	O14490
P09651	Q14966
O43464	Q9NR09
P40337	P52272
P38936	Q13200
P04637	Q13263
P40337	Q93062
P51608	P67809
P53350	Q13153
Q93009	Q15468
P01100	P29084
Q09472	Q9P0U4
P35869	P20226
Q9HAU5	Q9NS87
Q09472	Q6ZRS2
Q92731	Q08378
P38936	Q8NFZ5
P16949	Q9NVW2
P09651	O43143
P04637	P85037
P27695	P54274
P53350	Q96FF9
P37231	Q96IT1
P53350	Q2NKX8
P25054	Q8NEY1
P49841	P62266
O43464	Q12933
Q9Y6Q9	Q16667
Q00987	P22314
Q92731	Q9UKN8
P14635	P30304
Q16665	O00327
O15350	Q9BZG8
O43236	P06400
Q00987	Q16626
P54725	Q96JB6
P35637	Q96KD3
Q09472	Q9H211
P37231	Q9HC78
Q9UKV8	Q9BYJ9
P02545	Q8IYB3
P24522	Q504T8
P53350	P62877
Q00987	Q9H9J4
P25054	Q16787
Q01844	Q96J02
Q9UKV8	Q6YI46
Q00987	P42772
P49841	P16220
Q00987	P06400
Q9Y5B0	Q9H410
Q13573	P52732
Q00987	P46063
Q9UKV8	P55265
Q13573	O95149
P35637	Q8WWM7
P37231	Q16236
P49841	P46821
Q00987	O43293
P60896	Q8IWG1
Q13569	Q13422
Q16633	P78347
Q01844	Q6VMQ6
Q92731	Q14966
P37231	Q9UBE8
P17677	Q02878
P40337	P02751
P04637	Q8N5Z5
P02545	Q13263
Q00987	P17480
P02545	Q9Y2U8
Q9Y5B0	P62805
P54725	P51668
Q09472	Q13562
P38936	Q99683
P24522	P08670
Q9NQC3	P42677
Q01844	Q99504
P53350	Q01538
P54725	Q15008
P49841	Q9NYF0
Q13573	Q9NR30
Q16665	Q92831
P40337	Q96EB6
Q09472	P49005
P09651	Q12905
P38936	Q15834
Q92731	Q9Y618
P04637	O15151
P25963	P63167
P52298	Q15428
P09651	P35030
Q09472	P46379
Q9UGL1	Q9Y2T1
Q13573	Q9NSV4
Q01844	Q9NZZ3
P14859	P61956
Q00987	P63104
P29353	P35568
Q9UER7	Q9UIG0
P15884	Q96NJ5
Q13573	O43301
Q00987	P84996
P35637	O43143
P02545	Q86UE4
P38936	Q9BRK5
P01100	Q14320
P35637	Q8IY67
Q00987	Q13641
P09651	Q9UMX1
P09651	O43172
Q13569	P61956
P11387	P49336
P38936	P62195
P15884	Q5SY16
P04150	Q13772
Q9Y6Q9	Q9Y618
Q09472	P50553
P04637	Q9BWC9
P40337	Q15836
Q13541	Q15257
Q13573	Q16637
Q01844	P16435
P15884	Q9BQ13
P15884	Q9UKJ5
O15350	Q13526
Q49AN0	P56645
P09651	Q9H2C0
P49354	P49454
P54725	Q96BR9
Q09472	P14653
O15350	Q9BUQ8
P02545	P34897
P29353	Q93008
Q09472	O15265
P37231	Q9H3R0
Q13573	O14497
P53350	P46379
P04637	Q6EMB2
Q16665	Q9Y2N7
P35869	P06400
Q9H832	Q16774
P04637	Q9UNE7
Q9Y6Q9	P22736
P38936	P22674
P27695	O95456
P25963	Q00839
Q00987	Q15257
P25054	Q8IUQ4
Q09472	O75376
Q09472	P15172
Q09472	P62854
Q49AN0	P33992
P49841	P20749
P25054	P20929
P52298	Q96Q15
P47813	P30566
Q01844	Q16637
P51946	P33993
Q9HAU5	Q9UHX1
P09651	Q92522
P09651	P15924
Q93009	Q8WV16
Q9UKV8	Q9HA38
Q92731	Q969Q0
P53350	O60285
P40337	Q3ZAQ7
P46531	Q86VP6
Q92731	O15164
P54725	P22314
Q93009	Q7L4P6
Q01844	Q96BZ8
Q01844	P18847
Q13573	Q9UNM6
P25054	P63104
P63027	O75396
P07602	O00161
Q01844	O14497
Q16665	Q99608
Q01844	Q15056
P09651	Q15466
P07476	Q92817
Q00987	Q13085
Q09472	Q16619
O75496	Q8N490
Q9UKV8	P62899
Q92731	Q13439
Q00987	P46379
O43464	Q13490
Q09472	Q99966
Q01844	A0FGR9
P53350	Q8N5L8
P15884	Q04724
P14859	Q7Z3K3
P04637	P67809
P09651	P19338
Q01844	Q15843
P14635	Q9UII4
Q09161	Q96IZ7
Q01844	Q9GZT5
P38936	Q7KZI7
Q49AN0	P15880
Q16595	P12814
P11387	Q14686
Q01844	O00193
P09651	O60437
P47813	P06748
Q93009	P33991
P49841	Q14147
P02545	Q96KC8
P04637	Q8TDN4
P54725	Q16401
P09651	Q92905
P52298	P27635
P04637	Q9H1Z9
Q9NX55	Q93062
Q92731	Q9H1R3
Q00987	Q02218
P09651	P62081
Q93009	Q9NZT2
Q9Y6Q9	Q9UMX1
P04637	O60551
Q09161	Q7Z6Z7
Q13573	P62899
P51608	P04040
Q92731	Q96JP5
P40337	Q14669
P37231	P06400
P29353	Q96SB3
Q00987	Q9Y5L4
Q9Y6Q9	Q02878
P04637	Q9UKJ3
Q01844	O00418
Q9UKV8	P39023
O15350	Q03701
P61244	P20226
P25963	Q58WW2
P49841	P42345
P04637	Q9H4L4
O43464	Q6P996
P04637	Q15648
Q09472	P36956
Q9H2S9	Q96ST3
P78356	P63208
Q92731	Q15466
Q16665	Q8N122
P04637	Q8NHY2
P04150	P40424
Q01844	Q9NWB6
P09651	Q9BUQ8
P04637	O00411
P37231	Q8WZ75
P40337	O75694
Q00987	P62854
Q00987	P06753
P38936	O75179
Q01844	Q99750
Q01844	P62899
P38936	Q8IY67
P25963	Q15653
Q9UKV8	Q9BQG0
Q13573	Q96DI7
P46531	P49768
P01100	O43318
Q92731	Q9H4L7
P38936	Q9Y618
P14859	O43638
P80723	Q8N3V7
Q13573	P39023
Q49AN0	Q15029
Q92731	P83111
Q08209	P53805
Q92731	Q96HA1
Q9Y5B0	Q01094
P49354	P49356
Q9UBE0	O95817
Q9UGL1	P25791
Q9UER7	Q96EZ8
P35637	Q15006
Q9Y6Q9	Q15466
Q13573	O60341
P60896	Q9P0P0
P09651	P35228
P24522	Q07869
Q13573	O60841
P04637	Q86XK2
P15884	P47224
P40337	P09874
P14635	Q96BT7
P24522	O14965
P01100	Q6UN15
P02545	Q5UIP0
Q13573	Q9Y2W1
Q92731	P18124
P54725	Q6AI12
P07476	P23490
P46527	P52565
P27695	P49736
P37231	O75688
P20810	P42574
Q01844	P52565
P20810	Q13136
P53350	Q96NY9
P09651	Q7L2J0
P51608	Q01831
P37840	Q16082
P29353	O75569
P40337	Q96FV9
P37231	Q15910
P53041	P34897
P49841	Q16236
P51946	Q6P597
Q01844	Q8NDC0
P11473	Q96EB6
Q49AN0	Q969H0
Q9UJY5	Q7Z6B0
Q13541	Q8N122
P46531	O95376
P04637	P62917
P04637	O14965
P09651	Q9BXP5
P40337	Q9BQ67
P15884	P18146
P04637	Q13216
Q9Y6Q9	P20823
Q9HAU5	Q5RKV6
O15169	Q86X55
O15350	Q96J02
Q92731	O60264
Q13573	A6NHR9
Q09161	Q86VP6
Q09472	P06454
P27695	O95989
O43464	Q9P0J0
Q9Y6Q9	Q13526
Q9Y6Q9	Q05513
P11387	Q92522
P04637	P49336
P02545	Q5JTV8
Q9HAU5	Q9Y663
P14635	P06400
P07476	P15924
Q92731	Q9UBF2
Q9UKV8	P62750
P14859	P43363
Q09472	P33993
P04637	Q9Y222
P53350	Q9UKT4
O43464	Q04637
P09651	P35222
P60896	Q6P9B9
P04637	Q8IZT6
P40337	P62805
P25054	P17612
P07602	Q9Y2W1
P27695	Q9UIF7
P35637	Q4VCS5
Q8WZ42	Q13618
Q13573	Q92797
Q09472	Q99814
P02686	Q9NSY1
P40337	P61758
P04637	Q13098
Q00987	P06396
Q00987	Q08499
Q13573	O43719
P25054	O14513
P29353	P35268
P40337	Q9H0E3
P11387	P19338
P61244	Q9H0E3
Q09472	Q96RI1
O15169	Q13233
Q9UKV8	Q96P70
P09651	Q9P015
Q00987	Q8IX12
Q49AN0	O75592
Q9H981	P0C1Z6
P37231	P21579
P09651	P05089
P40337	P61081
P52298	O60684
Q00987	Q9BWX1
Q09472	P15923
Q01844	Q86V81
P38936	P04183
P14635	Q99501
Q9UJY5	O43747
P11387	Q92905
P54725	O15265
Q13573	P62750
Q93009	Q8WZ73
P49841	Q5VTB9
Q13541	P06730
P52298	Q86VP6
Q92731	Q8NB90
Q09161	Q99536
Q9UKV8	Q15020
P61244	Q96L91
Q02548	Q9UH73
P60896	Q9Y520
Q13573	P62316
P53350	P33993
Q92731	Q5JTH9
P37840	Q02790
Q9H832	Q75QN2
P27695	P33992
Q8N488	Q9BYE7
P49841	Q9UP38
Q49AN0	O15534
Q9UER7	P35250
P51946	P30876
Q13573	P12956
P60896	Q13620
Q13573	Q96P70
P49841	Q15459
P04637	Q8IY67
P60896	Q86XP3
Q92731	P35222
P49841	P62879
P27695	P17987
P11387	Q9BUQ8
P14635	Q9H211
P27695	Q12933
P49841	Q9UBN7
P04150	O60244
Q13573	Q9UG63
Q9NQI0	Q13618
P04637	O14737
Q09472	O15151
Q93009	Q2YD98
P38936	P19338
Q49AN0	P27635
P11473	Q99933
P04637	Q00839
P27695	P61956
Q09472	Q15532
Q9UER7	Q12834
P37840	Q9GZQ8
Q92731	Q8NI08
Q93009	Q8NCP5
P04637	Q96J94
P80723	Q8N6M0
Q13541	Q9BW85
Q9UER7	P35520
Q9UGL1	P52824
P54725	Q5VV17
P25963	Q9UBC9
P35637	P35222
P11387	O95218
Q13541	P51449
Q8WZ42	Q9H2C0
P25054	Q08379
Q93009	O75530
Q14449	Q99558
Q9UBE0	Q96CS3
P04637	O75486
P23025	P06400
O15350	Q13952
O14733	Q9Y4K3
Q9UBE0	Q9Y4K3
P25963	P33992
Q00987	Q9BQI3
P11473	P62195
P40337	Q86SX6
P14635	O43488
Q00987	Q05519
P04150	O60841
Q16665	Q96RN5
P04150	P07199
Q92731	Q96J92
Q9UBE0	Q9NVE7
Q93009	P55055
Q9UKV8	P61247
O14733	Q9Y6R4
Q13573	P58107
Q9Y5B0	Q96ST2
O15350	Q15843
P01100	Q15596
P04637	Q8N3Y1
P04150	Q9Y2W1
P24522	Q04724
P02545	P12956
P04637	Q66K89
Q00987	Q16836
Q9NQC3	P54274
P35637	P10827
P04637	Q01831
Q9Y6Q9	P10827
Q01844	P23276
P38936	Q7Z5J4
Q13573	Q6UN15
P37840	Q9UJY1
P16949	Q9NRR5
Q13573	Q12931
Q00987	P61978
P38936	Q4VCS5
P14859	P28360
P11387	Q8IW19
Q09161	Q9H944
Q99967	P50458
P09651	Q9NS56
P49841	Q9UHY1
Q00987	Q07812
P09651	Q9NR30
Q13573	P26368
Q01844	Q12872
Q01844	Q9H4I2
P09651	P51003
Q09472	Q8NFZ5
P09651	P55265
P25054	Q8N944
P51946	O00267
P60896	Q7Z6Z7
P02686	Q99759
Q49AN0	P19623
P53350	Q8N4C6
Q9UKV8	P62277
Q13573	P07900
P02545	Q9BRR8
P04637	Q7KZ85
Q8WZ42	Q92905
Q9NQC3	Q8IXJ6
Q13573	Q9Y446
P04637	Q02878
Q09472	P67809
P49841	Q13561
Q92731	Q9Y2S7
Q00987	Q02790
Q09161	Q13769
Q13573	P42166
Q00987	O95376
P15884	Q9UJU2
P47813	P27635
P46531	P09874
Q93009	P98177
Q16665	P11474
P49841	P63104
P14859	P16220
P63027	P21579
P02545	P35658
O14733	Q9H0C8
P04637	Q53ET0
P09651	Q16637
Q00987	Q14444
P40337	Q12996
Q9UER7	Q9H444
Q9HAU5	Q7L4I2
P49841	Q9H2U1
P25054	Q13363
Q01844	Q86X53
P38936	Q9UIM3
P53350	Q7Z7A1
Q13573	O75146
Q13573	P98175
P09651	Q5T749
P16949	O15304
Q09472	Q8TAD8
P40337	Q01094
P35637	Q5T1R4
P38936	P63208
Q09472	Q99683
P16949	O96017
P40337	Q8N4S0
Q92731	P08670
Q49AN0	P46109
Q9NQC3	Q9P0N5
P09651	P47897
Q93009	P52948
Q09472	Q9H4L4
P04637	Q9BT78
P11473	P51532
P09651	Q15843
P54725	Q9H0A6
P01100	Q6U841
Q09472	P12931
Q01844	O95721
Q93009	Q92844
Q00987	Q13200
Q00987	Q15233
P49841	Q9NXS2
P51608	P61956
P53350	Q9H773
Q00987	Q96AG4
Q13573	P12755
P04150	Q99615
Q01844	Q9GZU8
O15350	O60341
P09651	P78563
P24522	P10276
P49841	Q9H4H8
Q92731	Q96KM6
Q01844	Q9NS73
Q9UKV8	Q8TEX9
P46531	P51532
Q16665	Q9BZW7
P04637	Q92905
Q13573	O60645
P15884	Q6NYC8
P38936	O15078
Q9UKV8	P10644
Q9NQC3	P58107
P37840	Q8IZL8
P04637	P62081
P04637	Q86X55
Q92731	Q16637
Q00987	Q06945
Q09161	Q8NFC6
Q9UKV8	P62913
P09651	O00418
P53350	P30622
O75496	Q9UM11
P49841	Q13085
P09651	P29084
P11473	Q7LFL8
Q13573	Q9HCS7
Q13569	Q9UBU9
P52298	Q13523
Q13573	Q9H6S0
P54725	P49768
P49841	P46379
P01100	P51693
Q93009	Q02241
P29353	P01857
P25963	Q9C0H5
Q01844	Q01860
Q92731	Q9NXF1
P46531	O00555
Q93009	P47985
Q92731	Q9H7B2
Q13573	O94906
P04637	P18146
P40337	P14866
P40337	P16403
Q00987	Q07864
Q01844	Q9H814
P51946	Q01831
Q9NX55	Q8IXH7
Q93009	Q9Y496
P25963	O15111
Q9UKV8	Q9BY07
Q01844	Q7Z7F0
Q01844	P52952
P04637	P62851
P01100	O14974
P25963	Q13490
P46531	P86791
P04637	Q99853
Q49AN0	Q14204
Q16595	Q96RG2
Q9UKV8	Q9UII4
Q92731	Q9UNM6
P04637	Q13233
P37231	Q8NBB4
P11473	Q93074
Q09472	Q13887
P35637	Q15056
P29353	O15162
P35612	Q9UHK0
Q13573	Q6P2Q9
P04150	Q9Y2J2
P35637	Q96S44
Q16665	P09874
P53041	Q7L3B6
Q14449	Q05513
O15350	O00499
Q00987	Q99836
P04637	Q9UKG1
Q9UBB5	Q8NHZ7
Q00987	P12931
P29353	P02549
P40337	P22626
P61244	P22626
P11387	Q9NS56
Q9NQB0	P12956
P04637	Q16594
P11387	Q9NR30
P35637	Q15843
Q9UKV8	P38919
P37231	O95257
Q9UER7	P09874
P04637	Q96GM5
P35869	Q9UNE7
P14635	Q9UKT4
P09651	O75530
P29353	Q9H2M9
P29353	Q12929
P61244	O60271
P04150	Q58WW2
Q49AN0	Q9UBU9
Q92731	Q9BVP2
O00488	Q9Y6Y8
Q13573	Q9BTC0
Q9UKV8	Q9UPQ9
Q49AN0	P52272
Q09161	P18615
Q01844	P06748
Q01844	Q96PU8
P37840	Q13627
Q13573	Q7L014
P04150	P07900
P02545	P49736
Q13573	Q7L5N1
O15350	Q9H0F5
Q9UER7	Q9HC62
Q00987	P62195
P47813	Q9Y6K9
Q01844	P10636
Q9Y5B0	Q15648
P16949	O43865
P24522	Q00013
Q93009	Q8IX18
Q13573	P78406
P27695	Q14203
P35637	O00418
Q09161	Q96FV9
Q9H832	Q12933
Q92731	O60244
Q14191	P61956
P04637	P63208
P40337	O60568
Q09472	Q01826
Q16665	P51532
P60896	Q7KZF4
P49841	Q9Y2T1
P38936	Q9BYJ9
P46527	Q7L5N1
P04637	Q03701
P40337	Q9UM11
P47813	Q96BK5
P15884	O15105
Q9NQC3	P16389
Q92731	O43513
Q01844	P09429
P01100	Q96CV9
P35637	P62899
P04637	Q8NA92
O75496	O95251
P04150	Q9Y5X4
P11473	Q92793
P29353	Q8TF42
P04637	Q96RL1
Q13573	Q8N201
Q16665	Q6RSH7
Q13573	P17987
P40337	P29401
O76070	O43865
P37840	Q9UL15
P09651	Q9BZE1
P53041	P07900
P40337	P06454
P04637	Q9UJ04
P24522	P15880
Q09472	Q14686
P07602	P54687
P40337	Q13263
P52298	P18615
Q13573	O95926
P27695	Q01105
P53350	O14788
Q93009	O95425
O15169	O15105
P47813	P55209
P49841	Q9Y6R4
Q01844	P43364
P07602	Q7L5N1
P09651	Q86V81
P27695	P52926
P46527	P20248
P40337	P33993
Q9HAU5	P62917
Q16633	Q9BQY4
P61244	P85037
P04637	P61956
P16949	Q9HAV7
Q9H832	Q04864
P35869	P12931
P14859	P23511
P09651	Q6PKG0
Q9UKV8	Q7Z3Z4
Q9H981	P46379
P04637	P15880
P14635	Q15311
P35637	P52565
P15884	Q9BZE9
Q92731	Q6P2E9
P37231	Q9H0E9
Q13573	Q9H223
P14635	O95257
P60896	Q9GZQ8
Q13573	Q9UNF1
P61244	P15923
O76070	P54274
P53350	Q8TES7
P09651	Q5QJE6
P78356	O43791
O14733	Q99683
P49841	Q08499
Q01844	P08397
P11473	O75376
P02545	P33992
Q9NQB0	Q9NSA3
Q16665	Q93074
Q13573	Q9NRC8
P23025	Q15198
P78356	Q9Y2J2
Q9UKV8	Q92900
P29353	Q9UKI8
O76070	P63167
Q13569	P78317
P09651	P62316
P02686	Q13153
Q00987	P29590
P02545	Q8WUM0
P04150	O94906
Q09472	Q12905
Q00987	P51532
Q9NQI0	Q96GG9
P09651	P05362
Q01844	Q69YH5
P49841	Q9UHR5
P53350	P82094
Q00987	Q9Y285
Q01844	O75940
P46527	Q5MJ70
Q09472	P10242
Q92731	P99999
P38936	O60516
Q9NQC3	Q7L014
P02545	P61956
Q01844	Q9NRC8
P04637	P08151
Q09472	P22415
Q09161	Q8IXH7
P14859	P20226
P40337	Q9H869
Q92731	Q6PKG0
Q92731	O43719
P14635	Q8N4C6
P60896	Q13523
P01100	P61952
P54725	P62195
P25054	Q96S59
P07476	P01040
Q00987	P18621
P41236	Q16821
P25963	Q15418
P11387	O75530
P49841	O60343
Q9UBB5	P48431
O43236	P22736
Q00987	Q14498
P04150	Q15596
P25054	Q02750
Q92731	P62750
Q92731	Q5QJE6
P11387	Q92466
Q13698	Q86UT5
P25054	Q86T90
Q9UKV8	Q9H2U1
Q93009	O95243
P53350	Q9NYZ3
Q8WZ42	O75592
Q9UKV8	P63173
P49841	Q9UKA4
P51946	Q9Y2D8
P01100	P17612
P01100	P43243
P25054	Q5JTC6
P27695	P61221
Q01844	Q92900
Q09161	Q9UL40
P14635	Q6P597
P53350	P47710
Q9HAU5	Q9NZM5
P38936	Q92934
Q00987	Q15750
P01100	Q02930
P01100	P10589
P04637	Q9BYJ9
P04637	P18754
P04818	O95218
P49841	Q9BZV1
Q9Y6Q9	Q8IZQ8
P04150	Q7L5N1
Q16665	Q92793
P04150	P09429
P04637	Q9NS56
Q01844	P17480
P41236	P49840
Q13573	P41212
P60896	Q99933
P43351	P07900
P46531	P50851
P15884	O15294
P25963	Q9Y6K9
Q01844	Q13492
Q99801	Q9NS56
Q13573	Q86YP4
Q9UER7	Q92793
Q93009	P78406
P09651	Q9BYD2
Q13573	O00203
P37231	Q9ULX9
P49841	P47914
Q09472	P17252
P35637	P62316
Q13573	P46734
P40337	P20618
P04637	Q9H2S5
P15884	P49901
Q92731	Q15020
Q9Y5B0	Q75QN2
P04150	P43364
P35637	Q99615
P25963	O00221
Q9UKV8	Q8NDV7
Q92731	P09543
Q9HAU5	P55884
Q49AN0	Q9NTJ3
P46527	P63104
O14733	Q12852
P01100	Q15418
P53350	O95835
Q13573	Q96I25
Q01844	P63104
P37231	Q13887
P54725	Q9UKN8
Q00987	Q8N7H5
Q01844	Q9P2K8
P27695	Q9UBU9
Q9HAU5	Q66K89
P38936	P07199
P25054	Q9NRL3
P04637	O43638
Q09472	P29372
Q92731	O43303
P35637	Q9UG63
Q93009	Q5VTB9
Q92886	Q15633
Q09472	Q9HCU9
P01100	Q12874
Q01844	Q6ZU65
Q9NQC3	Q9Y5P4
P15884	P26196
P49841	Q9UM47
P61328	Q9UI36
Q01844	Q9NPJ6
Q9HAU5	P10242
Q13573	Q8NE71
Q93009	Q96PU4
Q9UKV8	O75569
Q9UBB5	Q86YP4
P09651	O43422
P14859	P48431
P35869	Q9Y618
Q00987	O94992
P04637	P25208
Q01844	O75391
Q00987	P40939
Q01844	Q9UI36
P40337	Q9H773
Q09472	P20823
P01100	Q9H501
P37231	Q96S59
Q9UJY5	Q6ULP2
O75496	O14965
O15169	Q9NYF0
P40337	P19105
Q00987	O95835
P29353	Q38SD2
Q9NX55	Q13263
Q09472	Q13526
P46531	P35251
O15350	P62913
P37231	Q15942
Q92731	Q6UN15
P61244	O60563
P49841	O75122
Q99801	P51948
Q09161	O60749
P61244	Q8TAD8
Q09472	O60566
P25054	Q9H9E3
P20810	P46379
Q00987	Q92522
Q13573	Q86XP3
P49841	Q8N4C6
P38936	P56524
Q92731	P07900
Q93009	Q9NRC8
Q00987	Q15466
P46527	Q92831
Q92731	Q9Y446
Q09472	O95863
Q92731	Q15653
P27695	Q8N4N3
P04637	Q07020
Q09472	O95218
P46531	Q13263
P09651	O15027
P04637	Q8WZ73
Q01844	P53814
Q00987	P19338
Q01844	Q13620
P01100	Q01196
P43351	P49736
Q14191	Q14676
P60896	Q15386
Q01844	Q9Y467
Q16665	Q96CS3
O15350	P09429
P53350	Q13526
Q16665	Q96MN5
P37231	Q9Y618
Q00987	Q13435
P11473	P15923
P02545	Q96Q15
P35637	P07900
P51608	P16220
Q9NQB0	P61956
P01100	O60869
O15169	Q5T5U3
Q92731	P98175
Q9UKV8	P43243
P23025	P54278
P40337	O14939
Q8WZ42	Q16851
Q96T21	Q08379
P09651	P82673
Q13573	P35268
P04637	O15105
P35637	P40222
P37840	O00165
Q9UBB5	Q9ULU4
Q49AN0	O95816
Q00987	P18124
Q01844	Q68EM7
P37231	P22736
P25054	P12814
Q13573	Q14103
P02545	Q9UIG0
Q00987	P46776
Q13698	Q9UQ26
P25054	Q92793
O15350	P20248
P63027	Q3ZCQ8
P40337	P08195
Q00987	O75347
Q9HAU5	P62081
P37840	Q8IYB3
P04637	Q14676
P04637	O00458
Q93009	Q53GI3
Q93009	Q9Y3C5
O14733	Q9UPT5
Q92731	O15027
P53350	Q9Y5T5
Q01844	Q96F24
O60927	O95835
P40337	O14965
P04637	Q9C0J8
Q13573	P43243
Q9NX55	Q9BQY4
Q9UKV8	Q9BQA1
O15350	Q96BD6
Q09161	Q8IUD2
P46531	Q86U86
Q09472	P35222
P23025	P12931
Q92731	Q01968
Q01844	Q14103
P14635	Q15386
Q93009	P41212
Q00987	Q9UBB9
Q00987	O95863
P46527	P49815
Q9UER7	Q8IZQ1
Q9HAU5	P62851
P04637	Q01105
O60356	Q68DK7
Q9UGL1	A8MV65
Q9H981	Q8NBZ0
P40337	Q6IE81
P04637	Q9BQG0
Q00987	Q96DY7
Q01844	P43243
Q9UER7	P35251
P14859	Q99728
P37231	O15164
Q9NQB0	Q9UJU2
P09651	Q13464
P53350	Q9Y2D8
P49841	P30876
P51946	P51948
Q8WZ42	O14639
P15884	Q8IXL7
P27695	P78317
P38936	P58107
Q92731	P49756
P80723	Q9NQW6
P40337	P13797
P02545	Q14676
P01100	Q9Y2K7
P09651	P38919
Q9Y5B0	P61218
Q01844	P35249
Q14061	P29401
Q9HAU5	Q96GM5
Q16665	Q13263
P53350	P35222
P14635	Q8TES7
P09651	Q96DH6
Q01844	Q96CT7
Q92731	Q86VM9
P51608	Q13185
Q01844	P32242
Q01844	O95336
Q13573	Q12874
P80723	Q96H55
Q99801	Q02086
P25054	Q9UPN3
Q00987	O75604
O15169	Q9H6S0
Q9UKV8	Q86VP6
Q49AN0	Q15910
P04637	Q96EQ8
P01100	Q96EB6
Q92731	Q15596
Q09472	Q04864
P04150	Q9Y520
P38936	Q6PKC3
P04637	Q86V81
Q92731	P35498
Q92731	Q9P2R3
Q01844	Q9ULE3
Q13573	Q13123
Q9UBB5	Q9BQA1
O75496	Q7KZ85
P04637	P28360
P51946	P29084
P38936	P07900
P35637	P62913
Q13573	Q9Y6K9
Q93009	Q01804
Q00987	P42677
Q93009	Q13620
P02686	Q15198
Q00987	P35222
Q9UKV8	P06730
P04637	Q8IXM3
Q13573	Q9Y5U2
Q01101	Q01726
O43236	Q9H3Q1
Q9UGL1	O75444
Q9NX55	P19105
P35637	P06748
Q13573	Q08379
Q01844	Q96FW1
P37231	Q15466
P37840	O94811
P04637	Q13190
P37231	P17252
Q01844	Q9Y3B9
P40337	O14737
Q9UJY5	Q9Y3C5
Q9UER7	P15923
P40337	Q00839
P61244	Q00839
Q13573	Q86VP6
P49841	Q13887
Q9Y6Q9	Q15596
P37840	P08670
P09651	P08397
P41236	Q96SB3
Q9Y6Q9	Q10571
Q13573	P62424
P63027	P61081
P02686	Q96SB4
P46527	O60684
Q09472	Q8WW38
P49841	P62861
P25054	Q2M1P5
P15884	Q9UDX3
P11387	Q92547
Q13573	Q9NTK5
Q9NQC3	Q8WXF7
P15884	Q9NX01
P04637	P16220
P61244	O75486
Q00987	Q9HCC0
P02545	P46109
P35637	Q7L5N1
Q9NQC3	Q7Z6Z7
Q01844	Q86VP6
P49841	Q7KZI7
P04637	P61221
P04637	P46821
P11473	Q15648
P04150	Q9P013
P38936	Q96FS4
Q92731	P17987
Q13573	Q8TF72
O15273	Q9NP98
Q08209	Q92973
O14733	Q96RU7
Q13573	P50991
Q9H832	Q9UBU9
Q9UKV8	P47914
Q00987	P47756
P09651	Q6KB66
P02545	O94842
O14733	Q13233
P04637	P61254
Q9UER7	O15151
P46531	Q5UIP0
Q13573	Q9H6S3
P37231	Q13526
O15169	Q15583
Q9Y5B0	P61956
P38936	Q9ULV3
Q8N488	Q8WXX7
P78356	Q9NPJ6
P02545	Q13190
Q00987	Q9Y291
Q01844	O00295
P01100	P17861
O75496	P31260
Q00987	Q96J02
P25963	P61201
Q00987	P33991
O15169	Q15008
P25963	Q2VPK5
P51608	Q9H444
P02545	P52948
P29353	P22626
P35637	P17987
P37231	P48382
Q13573	Q8WWH5
Q13541	Q9Y6B2
Q13573	Q9BW85
P35637	O75815
P04150	P17612
P40337	Q04724
P41236	Q15435
Q01844	O00512
Q01844	P19622
P09651	Q92900
P04150	P39687
Q13573	P52272
P04637	Q9C009
P02545	Q9Y5M8
Q93009	Q7Z6Z7
P27695	Q9NYB0
P54725	Q9Y2H9
Q13573	Q9UKV3
P35869	P35222
Q9UER7	Q9NS23
P51608	P78317
Q00987	Q15046
P07602	Q07021
Q00987	Q9Y6B2
P04637	Q96QH2
Q13573	P35250
P02545	P61221
Q00987	P48735
P09651	Q13492
Q9HAU5	Q9BXB1
Q13541	P34897
P60896	Q9UHQ1
P53350	O60447
P02545	P55212
O15350	Q92831
Q09472	P25208
Q09161	Q9UHI6
Q9UKV8	Q02790
Q09472	O43186
Q00987	P40424
Q13573	Q7KZF4
P35869	Q8NI08
Q9UER7	Q9UNE7
P46531	Q02410
P25054	Q13263
Q13573	Q9NQW6
Q13573	Q68DK7
P01100	P20226
P25054	Q9NTX7
Q14722	P16389
Q01844	Q9NQG5
Q00987	P34897
O75496	P31270
P09651	O43169
Q92731	Q9Y2V7
P09651	P63104
Q00987	Q9NRR5
Q13573	Q96JP2
P38936	Q6P2Q9
Q09472	P43694
Q93009	Q9HCI5
P38936	P06748
P16949	Q9UHV9
P35637	Q9NRC8
P04637	P61247
P60896	Q5T4S7
P14635	Q9UM13
P35612	P17612
P37840	Q8N5U6
Q00987	P08670
Q9H2S9	Q13422
P04818	Q9BQ24
P09651	Q9H2U1
P09651	Q13469
Q9UGL1	O60341
O15350	Q8WUF5
P37840	O95139
P37840	Q92934
P09651	P63173
P02545	Q9UBU9
P49841	Q8TDN6
P04637	Q49MG5
P02545	P52272
P04637	O43422
P27695	Q9UMS4
P38936	Q9UII4
Q01844	P49006
Q92731	Q9NVE4
P53350	Q9H8V3
P37840	Q9BXM7
Q8N488	Q92851
P37231	P35222
P53350	O96017
Q13573	Q96EB6
Q01844	Q9NS69
P53041	Q96C86
P14635	Q13526
P37231	Q13772
P38936	Q7L5N1
Q09161	P67809
Q01844	P37275
P04637	O15550
P40337	Q92905
P61244	Q92905
P04637	Q86WX3
O15350	P06753
Q01844	P12821
Q01844	Q02790
P04637	P62277
P35637	Q15025
P49841	Q969Q0
Q9UGL1	O60885
Q14061	Q5UIP0
P46531	Q13098
P09651	Q9NRX1
P38936	P51668
Q92731	Q9UBP4
Q9UER7	Q99683
Q13573	Q8WVM7
P60896	A6NKF1
P49841	P78559
Q13573	Q9Y5Q9
Q13573	Q9UBD5
Q00987	P18847
P35637	Q8NCA5
Q01844	Q96EB6
Q9UER7	Q9H4L4
Q00987	O15304
Q09472	O15105
P04150	Q15562
P37231	Q8WZ19
Q00987	Q5VUA4
Q13573	Q9UBS0
P52298	O60506
P04150	Q92932
Q00987	O96017
Q93009	Q9UHB9
O15350	P17612
P49841	Q13144
P38936	P20248
P04637	Q15788
P29353	Q13905
P11387	Q9NRC8
P09651	Q13620
Q01844	Q9GZQ8
Q00987	Q15843
P35637	Q15428
P09651	P98170
O00488	P46089
P41236	Q96C86
Q09472	Q14676
P02545	P02751
Q9NQC3	P52272
P04637	P42345
Q9HAU5	P42285
P61244	O95785
P53350	P23588
Q14191	Q96S55
Q01844	Q15233
P25054	Q69YQ0
Q16665	O14939
P60896	O43242
Q01844	Q9UBS0
O75496	P61956
Q13573	P78347
P09651	Q96Q27
Q9UJY5	Q15276
Q09472	Q92466
Q9H981	Q6P4R8
P49841	Q92522
P15884	Q14687
P51608	Q15554
P02686	Q99683
P04637	Q68CZ1
O15169	P84996
P61244	Q16594
P22531	O75901
Q9HAU5	Q9Y3A4
P04637	Q9H6S0
P51608	P48431
P49841	P17252
Q01844	O43583
Q00987	P29084
P04637	Q13227
Q09472	Q9BQG0
P04637	P11274
P02545	O95425
Q13573	Q9Y6E2
P04637	P23511
P38936	P42766
Q93009	Q9Y6K1
Q00987	Q9BVP2
P04150	P08235
P47813	Q9Y4K3
Q01844	P78347
Q92731	Q9Y520
P01100	Q9NZU7
P37840	P99999
Q8N488	Q9HCM7
Q8WZ42	Q9UH99
Q00987	Q8N5U6
Q92731	P53814
P17677	Q15276
Q00987	P62899
Q49AN0	P33993
Q09472	P05114
P54725	Q9NRR5
P53041	P50991
P37231	P52732
P53350	O75530
Q92731	O75569
P01100	Q96L91
P02545	Q9UKX7
P51608	Q96ST3
P20810	P12931
P09651	Q14103
Q92731	O95793
P54725	P08670
P53041	Q96FN4
P04150	O15511
Q16665	P49336
P38936	P51693
Q92731	O00541
Q01844	Q9UKY7
P49354	P55209
Q93009	Q14566
P15884	O60573
P47813	Q8TBN0
P04637	Q9UBE8
Q9Y6Q9	Q92831
P09651	P43243
Q13573	Q14669
P49841	P46776
P38936	Q9P287
P16949	Q7Z6Z7
P35637	Q13620
P49841	P04198
P49841	Q05513
P53041	Q9UBU9
P35637	Q86XP3
P35869	Q15843
P04637	Q9UII4
P38936	Q15025
O15273	Q8WUM0
Q00987	Q5JTV8
Q00987	P52565
P40337	O43521
Q9H832	Q96MA6
Q13573	O75694
P49841	Q7Z5J4
Q93009	P37275
Q13573	Q9UKL0
P25054	Q8TF01
Q49AN0	P61978
Q92731	Q9P013
Q09472	Q6UUV9
P37840	Q9UHK0
O15169	P98082
Q00987	Q96PM5
P49841	O60264
Q8WZ42	A0JLT2
Q09472	P52948
P04637	P51668
P04637	P49757
Q8WZ42	Q9UBL3
Q13573	Q6NUQ1
P49841	O95863
Q01844	P29966
P38936	O00311
P49841	Q96HA7
P15884	P15172
P40337	P15880
Q9UBE0	Q96S44
P04637	Q15008
Q9HAU5	Q04637
Q9NQB0	Q13363
Q13573	Q7Z7E8
Q13573	Q8IZL8
Q00987	Q6P2E9
Q93009	Q9GZU2
Q49AN0	Q99743
Q09472	P16220
P53350	O60296
P01100	Q9H307
P24522	P62879
P29353	Q14451
P54725	Q9UNM6
P38936	O14654
P04637	O94986
Q14191	Q15554
Q9UBB5	Q8WXI9
Q8WZ42	P0C862
P04637	Q9Y385
Q99967	P20226
Q13573	Q8IUH3
P04637	Q96PU4
P35637	Q14103
P53350	Q71F23
Q14191	P54132
Q13573	Q96FV9
Q01844	Q8IZL8
P27695	P14866
Q8WZ42	Q15637
P25963	O75376
P04637	Q96BD6
Q93009	Q9UBS0
Q9UKV8	Q9H0S4
P27695	Q9Y4K3
Q9NQC3	P51116
P01100	Q92793
P04637	P62879
Q01844	Q9UKK9
P15884	Q02363
P04637	Q9Y675
P49841	P13807
Q01844	Q86UU0
P40337	Q96GG9
Q00987	P98177
P35637	P43243
Q09472	P05783
Q13573	Q53EZ4
P53350	Q92844
P40337	P08151
Q8WZ42	P30049
P04637	Q9UHC7
Q16143	Q96BT3
P48539	P54274
Q9Y6Q9	P10589
Q9NQC3	Q16270
P15884	P55040
P41236	Q9UBB6
P61328	Q13387
Q92731	Q9GZR2
Q09161	Q13618
P04637	Q96BR9
P09651	Q86VP6
P54725	Q7Z7B0
O15169	Q9Y2T1
Q49AN0	Q13200
Q93009	P78347
P16949	Q96BK5
P60896	P20618
P41236	Q9Y2K7
P04637	Q9UBL3
P49841	P35222
Q9UKV8	P18621
Q9NQC3	Q9BTV4
Q01844	Q9BQ67
P37840	P07900
Q09472	Q86WP2
Q00987	Q9H9B1
P49841	Q6R327
Q14449	O43559
P04637	P54132
P04637	P22087
Q01844	Q53EZ4
P11473	P18146
P47813	Q8N5Z5
P49841	O00165
P04637	Q6P3S6
O15350	Q12834
Q14449	P35568
P09651	P06730
P38936	Q92831
Q9HAU5	Q71F23
Q13573	O94913
Q8N488	P63208
Q00987	P11836
P14635	Q9NSV4
Q8WZ42	P63104
Q92731	Q03989
Q01844	Q15906
P04637	O95816
P80723	P82970
P53350	Q02241
P51946	Q96JH8
P40337	Q13148
Q09161	Q13838
P60896	Q9UNM6
P25054	P20936
P04150	Q9HC78
P35637	Q15418
Q13573	Q13153
Q9UKV8	Q15750
Q00987	P12956
Q9HAU5	P52948
O15169	Q9Y6R4
Q13573	P61081
P37840	Q9UI14
P04818	Q68CZ1
P04637	Q9H9J4
Q49AN0	Q9H773
O43464	O60508
Q92731	Q8WWY3
P35637	Q12874
P04637	P06400
P37231	O60244
P04150	Q99933
Q13573	Q14498
P02545	O15042
P46531	O95785
P49841	Q13239
Q01844	O94913
P04637	Q99547
P09651	Q8N9R8
P49354	Q9NQ87
P35637	Q96FW1
P04637	O43293
Q09472	P20749
Q9UKV8	Q2Q1W2
P49841	P11388
P49841	Q6NUN9
P04637	Q16401
O15350	Q96EB6
P25963	Q8IUD2
Q08209	Q9Y2W7
P24522	Q13561
P11473	Q15596
Q9UKV8	Q99848
P02545	A0JLT2
Q92731	P62424
P04818	P78318
P25054	P0C0L4
Q13573	Q92888
Q01844	P61081
Q09472	Q49MG5
P29353	P20936
P35637	Q15738
Q9Y6Q9	Q9Y6K9
Q9Y6Q9	P43699
P04637	P62877
Q00987	Q99689
P27695	Q96SB4
P04150	P20226
Q01844	Q9NZ81
O15350	Q8WVM7
Q9H832	O95817
P09651	Q9UKV3
P25054	Q9HCH0
P09651	Q92973
P04637	O15524
P24592	Q9NRR5
Q01844	Q6P2H3
Q13573	Q8IXH7
P52298	Q13838
P35637	Q86VP6
Q9UKV8	P82251
P63027	O00161
P53041	Q70EL2
P27695	P33993
P09651	Q9NUD5
Q9HAU5	P05783
P09651	P61978
P53350	Q53GT1
Q13573	P06401
Q00987	P58107
P04637	P63104
P37840	P25098
P78356	Q96JC9
P29353	P13797
P46531	Q13422
Q9UGL1	Q9BXQ6
P04637	O14654
P02545	Q15637
P02545	P06400
P46531	Q9BXP5
Q9NVS9	Q8N6S5
P04150	Q8IZL8
Q01101	Q13368
Q00987	Q12931
Q9UBB5	Q14289
Q08209	Q96E09
Q9UER7	P19338
Q09472	Q15788
P14635	O00418
Q16665	Q92905
P38936	Q99741
P24522	Q9H4H8
Q00987	P26368
Q13573	Q9UHX1
Q09161	Q9BY77
P35637	P55209
Q01844	Q9Y508
P04637	Q12962
P35637	P50991
P16949	P02751
Q9H832	O00237
Q8WZ42	Q86XR8
Q09161	P78344
P49841	Q8N205
P04637	O60481
P46531	P33992
Q9NQC3	P54920
O43464	Q15287
P49841	P61927
Q13573	Q9H307
Q00987	P07900
O75496	P42574
P38936	Q9HCM9
P37231	P56524
Q9UER7	Q86X55
P01100	O75030
P25054	P04264
P04637	Q96K58
P20810	P04632
P09651	Q14444
Q92731	P35250
P53041	O60346
P49841	P08670
P04637	O75478
Q08209	P24588
P25963	P33993
Q09161	P29372
Q9H2S9	P56524
P24522	P46379
Q16665	P40818
Q8WZ42	Q01780
Q09161	O75150
Q00987	P42166
Q13569	P29590
P15884	Q96F07
P40337	Q9UQN3
P02686	P17252
Q16665	P27540
Q92731	Q7KZF4
Q9UER7	Q13526
P11387	Q86VP6
P14859	Q9Y618
P25054	P35658
P04637	Q99728
Q09472	P23511
P07602	O95817
Q16665	Q5VT06
O43464	P47710
O15169	P25791
P04150	Q9H5N1
P43351	P19447
Q16665	P00558
Q09472	P53539
P40337	Q99750
P04637	Q9Y3P9
Q9UER7	O60566
Q14061	P37837
P04637	P46379
P35637	P12277
Q99801	Q92831
Q9UER7	Q8IUH5
P04637	O60573
P09651	Q15233
Q13698	P30626
P29353	P04264
P38936	Q96FW1
P09651	Q9UBS0
P04150	P09086
Q93009	P29590
P01100	Q04760
P37231	Q5QJE6
Q9UER7	O60264
Q09472	Q9GZR7
P46531	Q9C0K0
Q01844	Q15032
P49841	Q16637
Q01844	Q92793
Q9UKV8	P18124
P40337	Q14203
Q9UKV8	P46776
P37840	P22695
P04637	O60285
P51608	P62807
O60356	P06454
Q13573	Q12996
Q09161	Q8IUH5
P49841	P18847
P14635	P09884
P38936	Q9Y6K9
P04637	Q13724
P02686	P54259
Q92731	O15162
P37231	P12956
Q9NQB0	P09874
Q09472	P10636
Q93009	Q8TES7
P46531	Q04864
P20810	Q92905
P23025	P07992
Q92731	A0AV96
P49841	Q9H7B2
P29353	P35030
P46531	O00303
Q00987	O75150
O43464	O95835
P37840	P33992
Q92731	Q9H944
P02686	Q05513
P09651	P78347
Q01844	Q99961
Q13573	O75376
O14733	O43318
Q00987	P25098
Q13573	Q9UQ35
P25054	Q9NSA3
Q9UBB5	Q9P2Y4
P27695	O60506
P49841	Q8IWV7
P04637	P62854
P23025	P29084
P04637	P06753
Q92731	Q9Y5Q9
P40337	Q01105
Q49AN0	O43143
Q9UER7	Q7Z6G3
P46531	Q9UJU2
Q01844	P11717
Q16665	Q5VSY0
P53350	P06748
P40337	Q9BQG0
P37840	P61956
P04637	Q99856
Q09472	P51668
Q9Y6Q9	P02549
Q16143	Q16854
Q00987	O94906
O15169	Q8N4C6
Q00987	Q8TEX9
Q01844	O75376
P14635	Q96DE5
P15884	Q6P597
Q01844	Q92567
Q09472	P43364
P35637	Q9GZQ8
P11387	P17542
P11387	P61978
P60896	Q00839
P41236	Q9NYB0
P49354	Q13627
P09651	Q9H1J1
P38936	Q96FN4
O15350	Q96S59
Q9UGL1	P49711
Q00987	P62913
P35637	Q15233
Q01844	O96028
P01100	Q13823
Q13573	Q5RKV6
P60896	Q75QN2
P35637	Q9UBS0
P49841	P62899
Q00987	P06748
Q09161	Q00013
Q9Y6Q9	Q9ULH7
P25054	Q92905
P49841	Q9P0R6
O15169	Q13200
P24522	Q9Y6R4
Q13573	P15170
Q16665	P61956
O15350	Q9UKL3
Q13573	O00409
P04637	P35249
P01100	Q9BSF8
P04637	Q9HCM9
Q14061	P61956
O15350	Q9H410
O60927	Q16821
P40337	Q9P031
Q13573	Q9NWV8
P60896	Q13838
Q92731	P51116
P14635	Q08050
Q01844	Q8WYQ5
P23025	Q92466
Q92731	P49754
P37840	P51693
P35869	Q15788
Q09472	Q9UBN7
O15350	P29590
Q09161	Q9H9Z2
Q9UKV8	P42677
P53350	Q13158
Q8WZ42	Q9Y244
P24522	Q8TAE8
Q99801	Q9BQA1
Q13573	P22626
Q9UKV8	Q9UJZ1
Q09161	P61956
Q09472	Q96BR9
P17677	Q96S94
P37231	Q15653
P09651	Q8WVV4
P80723	P08670
P60896	O95456
P25054	O60566
P35637	P11474
Q09161	Q9Y6Y8
Q09472	Q9UBL3
Q9Y6Q9	P11474
P37840	Q15029
Q09472	Q15554
Q9UKV8	O43242
P25054	O95785
P04150	Q5JU00
P61244	O60664
P49841	P07199
P40337	Q9Y5M8
P07602	Q96QK1
Q92731	O76041
P04150	Q92793
P38936	Q12834
P29353	P12314
Q16665	Q96GG9
Q14191	P46100
Q01844	Q8IUD2
Q8WZ42	Q16082
Q9HAU5	Q9Y5S9
P37231	Q9Y5X4
P04637	P06396
P11387	Q15233
P04150	Q12888
P11473	Q9UIG0
P04150	Q9UKY1
P01100	Q8WVZ9
P04637	Q8IX12
P14859	P20823
Q969F2	Q96PM5
O60356	O60506
O14733	Q9UQF2
P01100	Q13613
P37840	Q969H0
Q13573	O43242
Q09472	P35398
P61244	Q14204
P52298	Q9H9Z2
Q49AN0	Q99614
P05204	Q15554
P51608	Q02447
Q13573	Q8IYB3
Q9UBE0	P42768
P02545	P36956
P49841	P53805
P25963	O00411
Q09472	Q92786
P49354	P09529
P63027	Q9UHK0
Q9NX55	Q99750
P09651	Q9Y3B7
P37840	Q9UHV9
P40337	P47985
Q01844	Q9UJZ1
P35869	Q16236
P78356	Q15287
P49841	P56524
Q01844	P81877
P63027	Q9P0N5
P04637	P46100
P53350	Q8N344
Q16143	Q9UHK0
Q92731	Q8IZL8
Q9NX55	Q14203
Q13573	Q13263
Q13541	Q04864
P04637	O60343
P04637	Q96SB4
P04150	O75376
Q01844	Q8IYB3
P15884	Q9UK41
P09651	Q14690
P49841	O60296
Q16665	Q969H0
P49841	P63167
P49841	Q8NE09
Q49AN0	P19338
P15884	O15232
Q8N488	Q9NQL2
Q9UJY5	P78559
P25054	P33992
Q09161	Q13148
P49841	Q8IZQ8
Q9NQC3	Q9Y4K3
P38936	Q6UXH1
O43464	O00165
O15169	Q8IWS0
P20810	P49356
Q09472	Q13469
P02545	Q9UHR5
P09651	Q9P227
Q93009	Q9UPN3
P63027	Q14157
P49841	P62750
Q09161	Q15428
Q13573	P41223
P09651	Q99558
Q09472	Q99081
O75496	Q9BWE0
Q00987	O00116
Q09472	O00327
P01100	Q8NHY2
Q9HAU5	P54132
P09651	Q14498
P25963	O14965
Q8WZ42	Q9NX70
Q93009	Q9UBB9
P63027	Q12931
P40337	P61247
P24522	O95257
P46531	Q9Y6X3
Q9Y6Q9	Q969V6
P38936	Q8IZ69
P40337	Q13185
Q00987	Q15029
Q00987	Q03468
P37840	O14682
P25054	Q8N7J2
P37231	Q15596
P15884	Q13111
O15350	Q92793
Q09161	Q5VT52
P49841	Q9UHK0
Q13573	Q86U86
Q92731	P62805
P04637	P61978
O43236	Q8IUQ4
P37231	Q9H5J0
P38936	P38606
P04637	Q07812
O15350	Q12888
Q00987	Q5SZK8
P49841	P62273
P02545	P33993
Q9HAU5	Q92900
Q9UKV8	Q9UHI6
P40337	O95267
P25963	Q13098
Q16665	O15534
P04637	Q96A56
P04637	Q96RR1
Q13573	P08670
P25054	Q9NR80
Q13573	Q92989
Q09161	P42285
Q09472	Q92831
Q00987	Q969H0
P54725	P20248
P25963	O14788
P23025	O15446
Q9NVS9	Q93052
Q92731	P18621
P35637	P62805
P38936	Q12766
Q9Y6Q9	P62805
P63027	O95721
Q92731	Q14498
Q13573	Q8N1G4
P53350	Q7L2Z9
O15169	P29590
P16949	O95817
P51946	Q08379
P04637	Q96DU7
Q00987	P10606
P04637	O95376
P14859	P10827
Q9H832	Q99942
Q9UBE0	O43399
Q01844	A0AVK6
P49841	Q9Y2J2
P04637	Q8N4C6
Q09472	Q9BXL5
Q01844	Q01851
Q01844	Q9BQY4
Q00987	Q9HDC9
P15884	P22736
Q00987	Q8WTS6
Q09161	O95793
P49841	Q6UN15
Q01844	Q9H147
P09651	Q9H307
P02545	Q13823
Q13569	P10827
P02686	P51948
P35637	Q8NFT6
P49841	Q12931
Q49AN0	P63208
P27695	Q12905
P14859	O43763
Q92731	Q93074
P11387	Q9BQ67
P49841	Q8TDZ2
Q13573	O95983
P04637	Q02447
Q13573	O60506
P60896	O00487
Q01844	Q9NS23
P04818	O00762
P52298	P42285
P63027	O60645
Q00987	Q96K58
P09651	P78332
P04637	Q13200
P49841	P07900
Q99801	Q02447
Q9UKV8	Q96RG2
P02545	Q9NV56
P78356	Q9BUQ8
P04637	Q9Y399
Q13573	Q9BRX9
P40337	O75396
P09651	Q9P0M9
Q00987	Q6PCD5
Q9UKV8	P23588
P25054	Q9UBP4
Q01844	Q9BTA9
P37840	P31645
P46527	P20618
Q9UKV8	Q9BVP2
P11473	Q01196
Q49AN0	Q9UKT7
O43236	P98170
Q00987	Q9Y520
P04150	Q13263
P38936	P09874
Q01844	O95983
Q00987	Q92831
P63027	Q86Y82
Q08209	Q92934
Q9UKV8	Q9UBM7
P37231	Q9UBL3
P04637	Q9H0E9
Q00987	Q13620
P04637	Q06945
Q00987	P98170
P15884	O15164
Q9Y6Q9	P06401
Q00987	Q3YBR2
P78356	O95218
P04150	Q6ZNC8
P60896	P61956
Q09472	Q86YV9
P46531	Q01196
P27695	P04632
P49918	P20248
Q92731	P40939
P46531	O75132
Q8N488	Q13185
P25963	Q8N3Y1
P09651	Q12996
P01100	O75179
P04637	Q53GS9
Q9HAU5	Q9H9D4
P29353	Q969H0
Q13573	O60563
Q13573	Q9NRZ9
P47813	Q96GM5
Q01844	P67809
P01100	Q14686
P02545	P51648
Q09472	P49716
P04637	P30307
P15884	Q96HT8
P11387	Q14498
P01100	Q9BU64
Q93009	Q9Y5K8
P09651	Q14684
Q13573	Q5UIP0
Q09161	Q04637
Q92731	P12814
Q92731	P48444
Q92731	Q92793
P02545	Q96AG4
Q09161	Q15022
P35869	O00327
P09651	Q9UQ35
Q01844	Q9HAH7
Q02548	Q01196
P09651	P46776
Q09472	P15408
P53350	P49815
Q01844	Q8TF01
P23025	Q9HCS7
Q49AN0	P33991
P14635	P20248
Q9UGL1	O75362
P09651	O15372
P04637	P12931
O60927	Q9H2U2
P09651	O96028
P35637	Q9ULU8
P61244	Q9BYE7
Q00987	Q92630
P80723	P54253
P40337	P51668
P14635	Q96PU4
P49841	P49840
Q16633	P09086
Q00987	Q14103
Q9Y6Q9	Q92793
Q01844	Q92934
P02545	P54278
P24522	Q9H254
P54725	Q8N543
Q9HAU5	P0DPB3
Q93009	O15151
Q9HAU5	Q01780
Q9UKV8	P62917
Q9Y6Q9	Q12888
Q92731	Q2NL98
Q09472	Q5D1E8
P15884	Q8NDC4
Q9H981	Q9H9F9
P04637	P62195
Q00987	P43243
P37840	P46821
Q92731	Q14684
P16949	Q9H910
P04637	Q3ZCQ8
P52298	Q04637
P14635	Q8WVV9
Q00987	Q9NVN8
Q16665	O94966
P04637	Q15013
P49841	P10644
Q92731	O75376
P35869	Q13620
Q13573	P49116
Q09472	Q08379
P37840	Q14204
Q92731	Q9UQ35
P01100	P22415
P14859	P51948
P09651	O95644
P23025	Q9UIF7
P40337	Q15459
P01100	P49802
Q13573	P62917
Q13573	O14965
Q9Y6Q9	Q01094
Q93009	Q9NS23
P25054	Q6ZU80
Q01844	Q9H2G9
O14733	O95999
P46527	Q96PM5
Q13573	Q96KP1
P01100	Q7KZ85
Q93009	Q01201
Q08209	Q9Y2K2
O14733	Q12934
Q49AN0	P55265
P15884	Q13526
Q09472	Q9BZS1
P49841	P10636
P23025	P09429
Q14191	Q13111
P04637	Q13887
Q9Y6Q9	O75376
Q9UGL1	Q12834
Q9UBB5	O60341
O15273	O15530
Q16143	Q9NVT9
Q9UER7	P16220
P02545	P49790
P01100	Q9HB71
P53350	Q9Y6K9
P51608	Q6ZQN5
P04637	P62861
P51946	P19447
Q13573	Q8WYA6
Q14191	P29590
Q09472	P55209
Q01844	P62917
P49841	O75474
Q00987	Q12874
Q01844	Q14320
O75496	Q9H211
P35637	O96028
O15169	Q13526
P09651	P62241
Q92731	P15170
Q92731	P16403
P04637	Q96S59
P11387	Q9BX70
P60896	Q6P1X5
P38936	Q9UHX1
P15884	Q9NQL9
P04637	Q9UKN8
P49841	P51668
P04637	Q9BQ67
P24522	Q9H1I8
Q09161	Q14204
P01100	Q9BT78
Q9UKV8	P12956
P14635	Q7LFX5
P40337	Q9HBH9
Q92731	P36956
P53350	Q86Y33
P35637	Q8WYQ5
Q93009	Q9UJ55
Q09472	P08235
Q9HAU5	Q8TAE8
P37840	P17600
P61244	Q96ST3
P61244	P46063
P25963	Q13233
Q00987	Q08379
P54725	Q9BTU6
Q13573	Q9H267
Q9UKV8	Q00839
P49841	Q14134
P35637	P14866
Q09472	Q8N6I1
P14859	Q5SXM2
P52298	P52948
Q9UKV8	Q13618
Q09472	Q13363
P11473	Q96JN0
P49841	Q14678
P04637	P29590
O60356	Q92905
Q01844	P13797
P54725	Q9NYL9
P04637	P51532
P38936	P49005
Q00987	O75534
O15350	O15151
P11387	Q14684
Q9UER7	O43791
Q01844	O43719
Q00987	P62424
Q01844	P08648
Q93009	P23588
P38936	Q92793
P04637	Q12980
Q13573	Q16625
P16949	Q13263
Q09472	P17542
P01100	Q86X55
P63027	O14810
P04150	P30622
Q09161	Q9UBU9
P40337	P62877
P78356	Q9NRR5
P01100	P20823
P01100	P10276
P04150	Q15648
P14635	Q6P1M3
P80723	Q92905
Q93009	Q86SQ0
P40337	O15524
Q9UKV8	Q7RTS6
P04637	Q9Y618
P09651	Q7Z2W9
P02545	O00267
Q13573	Q00839
Q13573	Q86X95
P11387	O96028
Q09472	Q12834
P01100	Q8N2I9
P02545	Q8NF91
Q14061	Q6P3W7
Q13573	Q13618
Q00987	P55209
P61244	Q9UJ14
P15884	P35222
Q00987	P50991
P54725	Q7Z6Z7
Q9NQC3	O95197
Q09472	Q86UW6
P09651	Q1KMD3
Q92731	P35251
P04637	Q14498
P04637	Q8N3R9
Q9NX55	P49903
P49841	P42766
Q09472	Q99743
P20810	Q15020
Q16665	P02751
P01100	P62851
Q09472	P37275
P53350	Q99708
P53350	Q13363
P25963	P63208
Q92731	Q9NPJ4
P35637	P62241
P04637	P22736
P38936	Q01094
Q9Y5B0	Q68E01
P49841	Q9NX09
P40337	O75688
P15884	Q96H72
P53041	Q99683
Q92731	Q9Y2H0
O15350	Q6EMB2
P41236	Q9BRT9
Q01844	Q13618
P04637	Q9UL15
P25054	P52948
O15169	P35222
Q00987	Q9H1E3
Q96T21	Q15154
P29353	P46109
Q13573	Q13838
P38936	O75376
Q14061	P17931
Q13573	Q5JR59
Q8WZ42	Q14896
P37231	P39687
Q09472	Q96EB6
P49354	Q14151
Q00987	P52272
P49841	Q9HBH7
Q13573	Q12905
Q09161	P02751
P01100	Q96GM5
Q9UKV8	P07900
P35637	Q8IYB3
P53350	Q12834
Q00987	Q99708
Q00987	Q13363
P11473	P61201
P40337	Q6AI12
P52298	Q5VV67
P60896	O00233
P27695	P33991
Q13573	Q9UPT5
P15884	P11388
Q09472	Q02447
P09651	Q14232
P04637	Q99848
Q08209	Q53ET0
P53041	P05023
P02545	O14737
Q09472	Q9Y5Q9
Q13573	Q5SW96
P20810	P78345
Q9NX55	O75312
P35637	P29401
P25963	P61956
P04150	Q9H2G4
Q13573	Q9NVD7
Q01844	Q8N3X1
Q00987	Q7KZF4
P09651	P55345
Q01844	Q12905
P04637	O15164
P09651	Q92665
P46531	P49757
Q13573	O43172
O15350	Q8TDN4
P37840	P51116
P04637	Q9UPR3
P38936	Q5T4S7
P01100	O60476
Q9UBB5	O14519
Q09161	Q8N5A5
Q13573	Q9UHD8
Q9UKV8	P98175
O15350	O60563
Q92731	P50222
P04150	Q8TDD1
Q02548	P20226
P04637	P84074
P04637	Q9BYW2
Q09472	Q06945
P16949	Q9UK76
P14635	Q8NHZ8
P04637	O94992
P04637	Q9BZG8
Q9NQB0	O75564
P49841	Q969H0
Q01844	P26368
Q9UGL1	Q9UKL0
P07602	P35030
P04637	P04183
P02545	O60238
P25963	Q04864
Q92731	Q13823
P53350	Q9Y5Q9
P25054	P52272
Q92731	Q86U86
Q16665	P11274
Q00987	Q9C005
P01100	Q9UJ04
P53350	Q9UBD5
P35637	P15923
Q9NQC3	Q6PI78
Q13573	P15924
Q9Y6Q9	Q6UB99
P04637	Q8NBJ5
P38936	P22626
P49841	Q13490
P53350	Q6UXH1
P04150	Q4G0J3
P29353	P05783
Q92731	P55345
P80723	Q14134
P01100	P61956
Q01844	Q9NSI2
Q92731	Q92665
Q13573	P78344
P25054	P57740
P02545	O14593
P04637	Q9BX70
Q8WZ42	Q4VCS5
P04637	Q15466
P04637	P17252
P54725	P49902
P07602	Q02878
P04637	Q15170
P29353	Q16832
Q01844	Q96MW1
P11387	P11388
Q8N488	O14508
P14635	Q99741
P29353	Q9UBU9
Q92731	Q9H147
P24522	P62081
P04637	P19338
P25054	Q5T5U3
Q01844	O75146
P14635	Q96KB5
Q92731	Q99996
P04637	P02794
P53350	P78539
Q13573	Q92905
P04150	Q14686
P25054	O43815
P09651	Q8IWV7
Q09472	Q9UL17
Q92731	Q9BWC9
P07602	O00422
P40337	Q9BXJ5
Q9H2S9	Q9BZS1
O15350	Q96PM5
